# Blender 3.5.1
# www.blender.org
mtllib goku.mtl
o dbkultimate-2024-12-21-22-56-01-640
o dbkultimate-2024-12-21-22-56-01-640.001
v 0.747722 4.308056 0.231570
v 0.615230 4.575964 0.134972
v 0.454482 4.066712 0.275341
v 0.819146 4.623516 0.138435
v 0.747722 4.308056 0.231570
v 0.932610 4.283949 -0.131962
v 0.615230 4.575964 0.134972
v 0.819146 4.623516 0.138435
v 0.564793 4.679201 -0.114204
v 0.932610 4.283949 -0.131962
v 0.827429 4.603175 -0.424400
v 0.836855 4.725876 -0.142579
v 0.564793 4.679201 -0.114204
v 0.827429 4.603175 -0.424400
v 0.576950 4.523737 -0.420704
v 0.176826 3.652832 0.013303
v 0.435504 3.905871 -0.372817
v 0.480704 3.763083 -0.026042
v 0.454482 4.066712 0.275341
v -0.044941 4.312309 -0.059975
v 0.176826 3.652832 0.013303
v 0.454482 4.066712 0.275341
v 0.176826 3.652832 0.013303
v 0.480704 3.763083 -0.026042
v 0.176826 3.652832 0.013303
v -0.044941 4.312309 -0.059975
v 0.435504 3.905871 -0.372817
v 0.747722 4.308056 0.231570
v 0.819146 4.623516 0.138435
v 0.615230 4.575964 0.134972
v 0.564793 4.679201 -0.114204
v 0.819146 4.623516 0.138435
v 0.836855 4.725876 -0.142579
v 0.836855 4.725876 -0.142579
v 0.827429 4.603175 -0.424400
v 0.564793 4.679201 -0.114204
v 0.454482 4.066712 0.275341
v 0.615230 4.575964 0.134972
v -0.044941 4.312309 -0.059975
v -0.044941 4.312309 -0.059975
v 0.615230 4.575964 0.134972
v 0.564793 4.679201 -0.114204
v 0.564793 4.679201 -0.114204
v 0.576950 4.523737 -0.420704
v -0.044941 4.312309 -0.059975
v 0.435504 3.905871 -0.372817
v -0.044941 4.312309 -0.059975
v 0.576950 4.523737 -0.420704
v 0.932610 4.283949 -0.131962
v 0.747722 4.308056 0.231570
v 0.721629 4.012653 -0.060651
v 0.819146 4.623516 0.138435
v 0.932610 4.283949 -0.131962
v 0.836855 4.725876 -0.142579
v 0.932610 4.283949 -0.131962
v 0.801293 4.154502 -0.415719
v 0.827429 4.603175 -0.424400
v 0.721629 4.012653 -0.060651
v 0.801293 4.154502 -0.415719
v 0.932610 4.283949 -0.131962
v 0.827429 4.603175 -0.424400
v 0.801293 4.154502 -0.415719
v 0.435504 3.905871 -0.372817
v 0.576950 4.523737 -0.420704
v 0.747722 4.308056 0.231570
v 0.454482 4.066712 0.275341
v 0.480704 3.763083 -0.026042
v 0.721629 4.012653 -0.060651
v 0.480704 3.763083 -0.026042
v 0.435504 3.905871 -0.372817
v 0.801293 4.154502 -0.415719
v 0.721629 4.012653 -0.060651
vn -0.0997 0.2935 0.9507
vn 0.8876 -0.0664 0.4558
vn -0.2137 0.8865 0.4105
vn 0.9705 0.2073 -0.1227
vn -0.2769 0.8525 -0.4434
vn 0.2673 -0.8783 -0.3965
vn -0.5907 -0.1098 0.7994
vn 0.3252 -0.6519 0.6850
vn -0.6871 -0.3044 -0.6598
vn -0.0861 0.3000 0.9501
vn -0.1257 0.9347 0.3325
vn -0.1949 0.9016 -0.3860
vn -0.1950 0.9016 -0.3860
vn -0.3930 0.3576 0.8472
vn -0.4407 0.7942 0.4183
vn -0.4971 0.7657 -0.4081
vn -0.5141 0.0513 -0.8562
vn 0.7661 -0.4849 0.4218
vn 0.9672 0.2129 0.1385
vn 0.9162 -0.0610 -0.3961
vn 0.7775 -0.6244 -0.0750
vn -0.0516 -0.0448 -0.9977
vn 0.6005 -0.5628 0.5680
vn 0.5878 -0.7593 -0.2791
vt 0.371094 0.121094
vt 0.324219 0.074219
vt 0.371094 0.074219
vt 0.417969 0.011719
vt 0.457031 0.011719
vt 0.457031 0.113281
vt 0.324219 0.074219
vt 0.324219 0.121094
vt 0.289062 0.074219
vt 0.457031 0.113281
vt 0.457031 0.011719
vt 0.417969 0.011719
vt 0.289062 0.074219
vt 0.253906 0.121094
vt 0.253906 0.074219
vt 0.167969 -0.121094
vt 0.207031 0.074219
vt 0.167969 0.074219
vt 0.371094 0.074219
vt 0.292969 -0.121094
vt 0.410156 -0.121094
vt 0.371094 0.074219
vt 0.410156 -0.121094
vt 0.410156 0.074219
vt 0.167969 -0.121094
vt 0.292969 -0.121094
vt 0.207031 0.074219
vt 0.371094 0.121094
vt 0.324219 0.121094
vt 0.324219 0.074219
vt 0.289062 0.074219
vt 0.324219 0.121094
vt 0.289062 0.121094
vt 0.289062 0.121094
vt 0.253906 0.121094
vt 0.289062 0.074219
vt 0.371094 0.074219
vt 0.324219 0.074219
vt 0.292969 -0.121094
vt 0.292969 -0.121094
vt 0.324219 0.074219
vt 0.289062 0.074219
vt 0.289062 0.074219
vt 0.253906 0.074219
vt 0.292969 -0.121094
vt 0.207031 0.074219
vt 0.292969 -0.121094
vt 0.253906 0.074219
vt 0.457031 0.113281
vt 0.417969 0.011719
vt 0.457031 0.011719
vt 0.457031 0.011719
vt 0.457031 0.113281
vt 0.417969 0.011719
vt 0.457031 0.113281
vt 0.457031 0.011719
vt 0.417969 0.011719
vt 0.457031 0.011719
vt 0.417969 0.011719
vt 0.457031 0.113281
vt 0.253906 0.121094
vt 0.207031 0.121094
vt 0.207031 0.074219
vt 0.253906 0.074219
vt 0.371094 0.121094
vt 0.371094 0.074219
vt 0.410156 0.074219
vt 0.410156 0.121094
vt 0.167969 0.074219
vt 0.207031 0.074219
vt 0.207031 0.121094
vt 0.167969 0.121094
s 1
usemtl Material.004
f 1/1/1 2/2/1 3/3/1
f 4/4/2 5/5/2 6/6/2
f 7/7/3 8/8/3 9/9/3
f 10/10/4 11/11/4 12/12/4
f 13/13/5 14/14/5 15/15/5
f 16/16/6 17/17/6 18/18/6
f 19/19/7 20/20/7 21/21/7
f 22/22/8 23/23/8 24/24/8
f 25/25/9 26/26/9 27/27/9
f 28/28/10 29/29/10 30/30/10
f 31/31/11 32/32/11 33/33/11
f 34/34/12 35/35/13 36/36/12
f 37/37/14 38/38/14 39/39/14
f 40/40/15 41/41/15 42/42/15
f 43/43/16 44/44/16 45/45/16
f 46/46/17 47/47/17 48/48/17
f 49/49/18 50/50/18 51/51/18
f 52/52/19 53/53/19 54/54/19
f 55/55/20 56/56/20 57/57/20
f 58/58/21 59/59/21 60/60/21
f 61/61/22 62/62/22 63/63/22 64/64/22
f 65/65/23 66/66/23 67/67/23 68/68/23
f 69/69/24 70/70/24 71/71/24 72/72/24
o dbkultimate-2024-12-21-22-56-01-640.002
v 0.261119 4.519602 0.243063
v -0.002042 4.802490 -0.050010
v 0.001256 4.442460 0.315806
v 0.261119 4.519602 0.243063
v 0.357202 4.217345 0.345916
v 0.465908 4.488111 0.211226
v 0.202804 4.800256 -0.027084
v 0.476208 4.630142 -0.009783
v 0.217622 4.779218 -0.185152
v -0.002042 4.802490 -0.050010
v 0.202804 4.800256 -0.027084
v -0.001072 4.794357 -0.246461
v -0.001072 4.794357 -0.246461
v 0.314638 4.684654 -0.296854
v -0.000175 4.575891 -0.465690
v -0.004127 4.191205 0.428189
v -0.004382 3.838293 0.444810
v 0.357202 4.217345 0.345916
v 0.261119 4.519602 0.243063
v 0.001256 4.442460 0.315806
v -0.004127 4.191205 0.428189
v 0.261119 4.519602 0.243063
v -0.004127 4.191205 0.428189
v 0.357202 4.217345 0.345916
v 0.314638 4.684654 -0.296854
v -0.001072 4.794357 -0.246461
v 0.217622 4.779218 -0.185152
v 0.476208 4.630142 -0.009783
v 0.261119 4.519602 0.243063
v 0.465908 4.488111 0.211226
v 0.001256 4.442460 0.315806
v -0.002042 4.802490 -0.050010
v -0.267725 4.519987 0.240691
v -0.267725 4.519987 0.240691
v -0.472209 4.488821 0.207103
v -0.364901 4.217965 0.342815
v -0.206766 4.800549 -0.028663
v -0.001072 4.794357 -0.246461
v -0.220311 4.779548 -0.187002
v -0.002042 4.802490 -0.050010
v -0.001072 4.794357 -0.246461
v -0.206766 4.800549 -0.028663
v -0.206766 4.800549 -0.028663
v -0.480701 4.630924 -0.013877
v -0.267725 4.519987 0.240691
v -0.001072 4.794357 -0.246461
v -0.000175 4.575891 -0.465690
v -0.316470 4.685146 -0.299652
v -0.004127 4.191205 0.428189
v -0.364901 4.217965 0.342815
v -0.004382 3.838293 0.444810
v -0.267725 4.519987 0.240691
v -0.004127 4.191205 0.428189
v 0.001256 4.442460 0.315806
v -0.267725 4.519987 0.240691
v -0.364901 4.217965 0.342815
v -0.004127 4.191205 0.428189
v -0.316470 4.685146 -0.299652
v -0.480701 4.630924 -0.013877
v -0.220311 4.779548 -0.187002
v -0.480701 4.630924 -0.013877
v -0.472209 4.488821 0.207103
v -0.267725 4.519987 0.240691
v 0.314638 4.684654 -0.296854
v 0.217622 4.779218 -0.185152
v 0.476208 4.630142 -0.009783
v -0.316470 4.685146 -0.299652
v -0.220311 4.779548 -0.187002
v -0.001072 4.794357 -0.246461
v -0.206766 4.800549 -0.028663
v -0.220311 4.779548 -0.187002
v -0.480701 4.630924 -0.013877
v 0.202804 4.800256 -0.027084
v 0.217622 4.779218 -0.185152
v -0.001072 4.794357 -0.246461
v 0.202804 4.800256 -0.027084
v 0.261119 4.519602 0.243063
v 0.476208 4.630142 -0.009783
v 0.261119 4.519602 0.243063
v 0.202804 4.800256 -0.027084
v -0.002042 4.802490 -0.050010
v -0.267725 4.519987 0.240691
v -0.002042 4.802490 -0.050010
v -0.206766 4.800549 -0.028663
v 0.000577 4.213396 -0.656491
v 0.480910 4.585897 -0.388039
v 0.475196 4.207406 -0.467902
v 0.350216 4.213568 0.385210
v -0.004587 3.840214 0.496225
v 0.611415 4.077732 0.313197
v 0.683293 4.622157 0.002783
v 0.806976 4.378216 -0.095694
v 0.676054 4.508464 -0.318522
v 0.480910 4.585897 -0.388039
v 0.683293 4.622157 0.002783
v 0.676054 4.508464 -0.318522
v 0.589556 3.677361 -0.017936
v -0.002543 3.366327 0.004570
v 0.479808 3.692325 -0.371588
v -0.004512 3.668705 0.482508
v 0.488680 3.833755 0.345354
v -0.004587 3.840214 0.496225
v -0.000223 4.659498 -0.465495
v 0.307687 4.704544 -0.315037
v 0.480910 4.585897 -0.388039
v 0.465823 4.530253 0.242028
v 0.350216 4.213568 0.385210
v 0.669511 4.471867 0.195741
v 0.669511 4.471867 0.195741
v 0.683293 4.622157 0.002783
v 0.465823 4.530253 0.242028
v 0.475196 4.207406 -0.467902
v 0.676054 4.508464 -0.318522
v 0.725416 4.097762 -0.127208
v 0.269102 3.580369 0.374345
v -0.004512 3.668705 0.482508
v -0.002543 3.366327 0.004570
v -0.002543 3.366327 0.004570
v -0.000102 3.679523 -0.517195
v 0.479808 3.692325 -0.371588
v -0.475890 4.208109 -0.471971
v -0.677751 4.509651 -0.324394
v -0.481822 4.586758 -0.392158
v -0.618906 4.078826 0.307784
v -0.004587 3.840214 0.496225
v -0.358109 4.214223 0.382076
v -0.687604 4.623402 -0.003238
v -0.810510 4.379468 -0.102706
v -0.675589 4.472674 0.189981
v -0.497480 3.664373 0.319928
v -0.594420 3.678315 -0.023128
v -0.002543 3.366327 0.004570
v -0.004512 3.668705 0.482508
v -0.004587 3.840214 0.496225
v -0.496512 3.834365 0.341087
v -0.594420 3.678315 -0.023128
v -0.496512 3.834365 0.341087
v -0.591435 3.859366 -0.012781
v -0.498775 4.686366 -0.007037
v -0.309427 4.705174 -0.317822
v -0.687604 4.623402 -0.003238
v -0.498775 4.686366 -0.007037
v -0.687604 4.623402 -0.003238
v -0.472510 4.530860 0.237859
v -0.277349 3.580678 0.371950
v -0.002543 3.366327 0.004570
v -0.004512 3.668705 0.482508
v -0.002543 3.366327 0.004570
v -0.481522 3.693141 -0.375712
v -0.000102 3.679523 -0.517195
v -0.475890 4.208109 -0.471971
v -0.477653 3.887357 -0.401042
v -0.728956 4.098904 -0.133367
v -0.472510 4.530860 0.237859
v -0.675589 4.472674 0.189981
v -0.358109 4.214223 0.382076
v 0.725416 4.097762 -0.127208
v 0.586718 3.858490 -0.007614
v 0.476453 3.886666 -0.396937
v 0.669511 4.471867 0.195741
v 0.350216 4.213568 0.385210
v 0.611415 4.077732 0.313197
v -0.358109 4.214223 0.382076
v -0.675589 4.472674 0.189981
v -0.618906 4.078826 0.307784
v -0.728956 4.098904 -0.133367
v -0.618906 4.078826 0.307784
v -0.810510 4.379468 -0.102706
v 0.589556 3.677361 -0.017936
v 0.476453 3.886666 -0.396937
v 0.586718 3.858490 -0.007614
v -0.728956 4.098904 -0.133367
v -0.591435 3.859366 -0.012781
v -0.618906 4.078826 0.307784
v 0.475196 4.207406 -0.467902
v 0.725416 4.097762 -0.127208
v 0.476453 3.886666 -0.396937
v 0.683293 4.622157 0.002783
v 0.669511 4.471867 0.195741
v 0.806976 4.378216 -0.095694
v 0.611415 4.077732 0.313197
v 0.806976 4.378216 -0.095694
v 0.669511 4.471867 0.195741
v -0.687604 4.623402 -0.003238
v -0.677751 4.509651 -0.324394
v -0.810510 4.379468 -0.102706
v -0.677751 4.509651 -0.324394
v -0.728956 4.098904 -0.133367
v -0.810510 4.379468 -0.102706
v 0.475196 4.207406 -0.467902
v 0.480910 4.585897 -0.388039
v 0.676054 4.508464 -0.318522
v -0.000223 4.659498 -0.465495
v -0.481822 4.586758 -0.392158
v -0.309427 4.705174 -0.317822
v -0.475890 4.208109 -0.471971
v -0.481822 4.586758 -0.392158
v 0.000577 4.213396 -0.656491
v 0.000577 4.213396 -0.656491
v -0.481822 4.586758 -0.392158
v -0.000223 4.659498 -0.465495
v -0.000223 4.659498 -0.465495
v 0.480910 4.585897 -0.388039
v 0.000577 4.213396 -0.656491
v -0.496512 3.834365 0.341087
v -0.004587 3.840214 0.496225
v -0.618906 4.078826 0.307784
v 0.611415 4.077732 0.313197
v -0.004587 3.840214 0.496225
v 0.488680 3.833755 0.345354
v -0.687604 4.623402 -0.003238
v -0.481822 4.586758 -0.392158
v -0.677751 4.509651 -0.324394
v 0.494452 4.685660 -0.002730
v 0.683293 4.622157 0.002783
v 0.307687 4.704544 -0.315037
v 0.307687 4.704544 -0.315037
v 0.683293 4.622157 0.002783
v 0.480910 4.585897 -0.388039
v -0.687604 4.623402 -0.003238
v -0.309427 4.705174 -0.317822
v -0.481822 4.586758 -0.392158
v -0.497480 3.664373 0.319928
v -0.002543 3.366327 0.004570
v -0.277349 3.580678 0.371950
v 0.489625 3.663714 0.324382
v 0.269102 3.580369 0.374345
v -0.002543 3.366327 0.004570
v -0.728956 4.098904 -0.133367
v -0.477653 3.887357 -0.401042
v -0.591435 3.859366 -0.012781
v -0.477653 3.887357 -0.401042
v -0.594420 3.678315 -0.023128
v -0.591435 3.859366 -0.012781
v -0.002543 3.366327 0.004570
v -0.594420 3.678315 -0.023128
v -0.481522 3.693141 -0.375712
v 0.586718 3.858490 -0.007614
v 0.611415 4.077732 0.313197
v 0.488680 3.833755 0.345354
v 0.589556 3.677361 -0.017936
v 0.586718 3.858490 -0.007614
v 0.488680 3.833755 0.345354
v 0.489625 3.663714 0.324382
v -0.002543 3.366327 0.004570
v 0.589556 3.677361 -0.017936
v 0.725416 4.097762 -0.127208
v 0.611415 4.077732 0.313197
v 0.586718 3.858490 -0.007614
v -0.618906 4.078826 0.307784
v -0.591435 3.859366 -0.012781
v -0.496512 3.834365 0.341087
v -0.481522 3.693141 -0.375712
v -0.594420 3.678315 -0.023128
v -0.477653 3.887357 -0.401042
v -0.594420 3.678315 -0.023128
v -0.497480 3.664373 0.319928
v -0.496512 3.834365 0.341087
v 0.589556 3.677361 -0.017936
v 0.488680 3.833755 0.345354
v 0.489625 3.663714 0.324382
v 0.479808 3.692325 -0.371588
v 0.476453 3.886666 -0.396937
v 0.589556 3.677361 -0.017936
v -0.472510 4.530860 0.237859
v -0.687604 4.623402 -0.003238
v -0.675589 4.472674 0.189981
v 0.465823 4.530253 0.242028
v 0.683293 4.622157 0.002783
v 0.494452 4.685660 -0.002730
v 0.494452 4.685660 -0.002730
v -0.001727 3.810364 -0.158484
v 0.465823 4.530253 0.242028
v -0.498775 4.686366 -0.007037
v -0.472510 4.530860 0.237859
v -0.001727 3.810364 -0.158484
v -0.001727 3.810364 -0.158484
v -0.472510 4.530860 0.237859
v -0.358109 4.214223 0.382076
v -0.001727 3.810364 -0.158484
v -0.358109 4.214223 0.382076
v -0.004587 3.840214 0.496225
v -0.001727 3.810364 -0.158484
v -0.004587 3.840214 0.496225
v 0.350216 4.213568 0.385210
v -0.001727 3.810364 -0.158484
v 0.350216 4.213568 0.385210
v 0.465823 4.530253 0.242028
v 0.307687 4.704544 -0.315037
v -0.001727 3.810364 -0.158484
v 0.494452 4.685660 -0.002730
v -0.000223 4.659498 -0.465495
v -0.001727 3.810364 -0.158484
v 0.307687 4.704544 -0.315037
v -0.309427 4.705174 -0.317822
v -0.001727 3.810364 -0.158484
v -0.000223 4.659498 -0.465495
v -0.498775 4.686366 -0.007037
v -0.001727 3.810364 -0.158484
v -0.309427 4.705174 -0.317822
v 0.725416 4.097762 -0.127208
v 0.676054 4.508464 -0.318522
v 0.806976 4.378216 -0.095694
v -0.475890 4.208109 -0.471971
v -0.728956 4.098904 -0.133367
v -0.677751 4.509651 -0.324394
v 0.725416 4.097762 -0.127208
v 0.806976 4.378216 -0.095694
v 0.611415 4.077732 0.313197
v -0.810510 4.379468 -0.102706
v -0.618906 4.078826 0.307784
v -0.675589 4.472674 0.189981
v -0.000049 3.883315 -0.565132
v 0.000577 4.213396 -0.656491
v 0.475196 4.207406 -0.467902
v 0.476453 3.886666 -0.396937
v -0.000049 3.883315 -0.565132
v -0.477653 3.887357 -0.401042
v -0.475890 4.208109 -0.471971
v 0.000577 4.213396 -0.656491
v -0.004512 3.668705 0.482508
v -0.496512 3.834365 0.341087
v -0.497480 3.664373 0.319928
v -0.277349 3.580678 0.371950
v -0.004512 3.668705 0.482508
v 0.269102 3.580369 0.374345
v 0.489625 3.663714 0.324382
v 0.488680 3.833755 0.345354
v -0.000102 3.679523 -0.517195
v -0.000049 3.883315 -0.565132
v 0.476453 3.886666 -0.396937
v 0.479808 3.692325 -0.371588
v -0.000102 3.679523 -0.517195
v -0.481522 3.693141 -0.375712
v -0.477653 3.887357 -0.401042
v -0.000049 3.883315 -0.565132
vn -0.0152 0.7126 0.7014
vn 0.1981 0.3716 0.9070
vn 0.5301 0.8456 -0.0629
vn 0.0155 0.9990 -0.0413
vn 0.1324 0.7024 -0.6994
vn 0.2186 0.0457 0.9747
vn 0.1341 0.4022 0.9057
vn 0.1811 0.3679 0.9121
vn 0.2040 0.8274 -0.5233
vn 0.2091 0.8182 0.5356
vn 0.0096 0.7127 0.7014
vn -0.2054 0.3722 0.9052
vn -0.0999 0.9874 -0.1224
vn -0.0138 0.9990 -0.0414
vn -0.3880 0.6808 0.6213
vn -0.1251 0.7025 -0.7006
vn -0.2268 0.0460 0.9729
vn -0.1350 0.4070 0.9034
vn -0.1881 0.3684 0.9104
vn -0.5747 0.7986 -0.1787
vn -0.2125 0.8182 0.5343
vn 0.5776 0.7977 -0.1736
vn -0.1982 0.8279 -0.5246
vn -0.5279 0.8467 -0.0671
vn 0.1025 0.9872 -0.1218
vn 0.3839 0.6805 0.6241
vn -0.0738 0.6836 0.7261
vn 0.0693 0.6830 0.7271
vn 0.3648 0.1870 -0.9121
vn 0.2767 0.0227 0.9607
vn 0.8398 0.5056 -0.1978
vn 0.4436 0.8417 -0.3078
vn 0.4524 -0.8740 -0.1774
vn 0.2907 -0.0762 0.9538
vn 0.2163 0.7209 -0.6584
vn 0.2929 0.3031 0.9068
vn 0.3435 0.7289 0.5922
vn 0.7585 -0.1980 -0.6208
vn -0.0615 -0.8436 0.5335
vn 0.1761 -0.8444 -0.5060
vn -0.3853 0.1845 -0.9041
vn -0.2850 0.0231 0.9583
vn -0.8940 0.3246 0.3088
vn -0.4677 -0.8786 0.0964
vn -0.2991 -0.0762 0.9512
vn -0.9658 0.0011 0.2592
vn -0.3159 0.9391 -0.1356
vn -0.2570 0.8031 0.5375
vn 0.0558 -0.8437 0.5340
vn -0.1730 -0.8441 -0.5075
vn -0.7729 -0.1330 -0.6205
vn -0.3002 0.3035 0.9043
vn 0.7729 -0.5784 -0.2608
vn 0.3626 0.2167 0.9064
vn -0.3700 0.2170 0.9034
vn -0.9303 -0.2943 0.2187
vn 0.9623 0.0305 -0.2703
vn -0.8898 -0.4085 0.2034
vn 0.7780 -0.1328 -0.6141
vn 0.8915 0.3243 0.3163
vn 0.9037 -0.0056 0.4281
vn -0.8380 0.5058 -0.2048
vn -0.7987 -0.1690 -0.5775
vn 0.3939 0.1841 -0.9006
vn -0.2095 0.7202 -0.6614
vn -0.3565 0.1873 -0.9153
vn -0.1956 0.3857 -0.9017
vn 0.2039 0.3856 -0.8999
vn -0.3005 -0.0205 0.9536
vn 0.2922 -0.0210 0.9561
vn -0.4394 0.8424 -0.3119
vn 0.3194 0.9381 -0.1343
vn 0.4455 0.8404 -0.3087
vn -0.4422 0.8404 -0.3132
vn -0.3925 -0.8914 0.2265
vn 0.3893 -0.8919 0.2303
vn -0.7713 -0.5775 -0.2677
vn -0.9598 0.0318 -0.2790
vn -0.4519 -0.8734 -0.1814
vn 0.8833 -0.4159 0.2162
vn 0.9635 -0.0002 0.2676
vn 0.4657 -0.8792 0.1009
vn 0.8877 -0.4090 0.2112
vn -0.8856 -0.4150 0.2082
vn -0.9519 -0.0209 -0.3057
vn -0.9622 -0.0282 0.2708
vn 0.9598 -0.0291 0.2790
vn 0.9546 -0.0223 -0.2972
vn -0.3479 0.7286 0.5900
vn 0.2542 0.8027 0.5394
vn -0.8683 0.4585 0.1895
vn 0.8669 0.4577 0.1977
vn 0.8677 0.4283 0.2521
vn 0.7307 0.6821 -0.0279
vn -0.7295 0.6831 -0.0343
vn -0.8697 0.4284 0.2453
vn -0.7909 0.3603 0.4947
vn -0.4538 0.3037 0.8378
vn 0.4468 0.3035 0.8416
vn 0.7869 0.3599 0.5012
vn 0.8033 -0.1694 -0.5710
vn -0.7536 -0.1976 -0.6269
vn 0.9281 -0.2954 0.2268
vn -0.9075 -0.0050 0.4199
vn 0.3415 -0.2271 -0.9120
vn -0.3340 -0.2269 -0.9149
vn -0.3084 -0.1521 0.9390
vn 0.2998 -0.1521 0.9418
vn 0.3098 -0.1696 -0.9355
vn -0.3020 -0.1697 -0.9381
vt 0.886719 0.253906
vt 0.996094 0.386719
vt 0.996094 0.230469
vt 0.886719 0.253906
vt 0.855469 0.136719
vt 0.808594 0.246094
vt 0.910156 0.386719
vt 0.808594 0.378906
vt 0.910156 0.433594
vt 0.996094 0.386719
vt 0.910156 0.386719
vt 0.996094 0.441406
vt 0.996094 0.441406
vt 0.871094 0.480469
vt 0.996094 0.535156
vt 0.996094 0.128906
vt 0.996094 0.003906
vt 0.855469 0.136719
vt 0.886719 0.253906
vt 0.996094 0.230469
vt 0.996094 0.128906
vt 0.886719 0.253906
vt 0.996094 0.128906
vt 0.855469 0.136719
vt 0.871094 0.480469
vt 0.996094 0.441406
vt 0.910156 0.433594
vt 0.808594 0.378906
vt 0.886719 0.253906
vt 0.808594 0.246094
vt 0.996094 0.230469
vt 0.996094 0.386719
vt 0.886719 0.253906
vt 0.886719 0.253906
vt 0.808594 0.246094
vt 0.855469 0.136719
vt 0.910156 0.386719
vt 0.996094 0.441406
vt 0.910156 0.433594
vt 0.996094 0.386719
vt 0.996094 0.441406
vt 0.910156 0.386719
vt 0.910156 0.386719
vt 0.808594 0.378906
vt 0.886719 0.253906
vt 0.996094 0.441406
vt 0.996094 0.535156
vt 0.871094 0.480469
vt 0.996094 0.128906
vt 0.855469 0.136719
vt 0.996094 0.003906
vt 0.886719 0.253906
vt 0.996094 0.128906
vt 0.996094 0.230469
vt 0.886719 0.253906
vt 0.855469 0.136719
vt 0.996094 0.128906
vt 0.871094 0.480469
vt 0.808594 0.378906
vt 0.910156 0.433594
vt 0.808594 0.378906
vt 0.808594 0.246094
vt 0.886719 0.253906
vt 0.871094 0.480469
vt 0.910156 0.433594
vt 0.808594 0.378906
vt 0.871094 0.480469
vt 0.910156 0.433594
vt 0.996094 0.441406
vt 0.910156 0.386719
vt 0.910156 0.433594
vt 0.808594 0.378906
vt 0.910156 0.386719
vt 0.910156 0.433594
vt 0.996094 0.441406
vt 0.910156 0.386719
vt 0.886719 0.253906
vt 0.808594 0.378906
vt 0.886719 0.253906
vt 0.910156 0.386719
vt 0.996094 0.386719
vt 0.886719 0.253906
vt 0.996094 0.386719
vt 0.910156 0.386719
vt 0.800781 0.253906
vt 0.667969 0.371094
vt 0.667969 0.253906
vt 0.316406 0.269531
vt 0.198242 0.156250
vt 0.394531 0.230469
vt 0.519531 0.417969
vt 0.550781 0.316406
vt 0.621094 0.355469
vt 0.667969 0.371094
vt 0.621094 0.496094
vt 0.621094 0.355469
vt 0.496094 0.089844
vt 0.457031 -0.027344
vt 0.636719 0.089844
vt 0.198242 0.089844
vt 0.355469 0.152344
vt 0.198242 0.156250
vt 0.800781 0.386719
vt 0.714844 0.417969
vt 0.667969 0.371094
vt 0.339844 0.363281
vt 0.316406 0.269531
vt 0.394531 0.363281
vt 0.394531 0.363281
vt 0.394531 0.449219
vt 0.339844 0.363281
vt 0.667969 0.253906
vt 0.621094 0.355469
vt 0.550781 0.222656
vt 0.285156 0.058594
vt 0.198242 0.089844
vt 0.198242 -0.027344
vt 0.800781 -0.027344
vt 0.800781 0.089844
vt 0.667969 0.089844
vt 0.667969 0.253906
vt 0.621094 0.355469
vt 0.667969 0.371094
vt 0.003906 0.230469
vt 0.198242 0.156250
vt 0.082031 0.269531
vt 0.519531 0.417969
vt 0.550781 0.316406
vt 0.441406 0.363281
vt 0.355469 0.089844
vt 0.496094 0.089844
vt 0.457031 -0.027344
vt 0.198242 0.089844
vt 0.198242 0.156250
vt 0.042969 0.152344
vt 0.496094 0.089844
vt 0.355469 0.152344
vt 0.496094 0.152344
vt 0.675781 0.496094
vt 0.714844 0.417969
vt 0.621094 0.496094
vt 0.058594 0.449219
vt 0.003906 0.449219
vt 0.058594 0.363281
vt 0.113281 0.058594
vt 0.198242 -0.027344
vt 0.198242 0.089844
vt 0.800781 -0.027344
vt 0.667969 0.089844
vt 0.800781 0.089844
vt 0.667969 0.253906
vt 0.636719 0.152344
vt 0.550781 0.222656
vt 0.058594 0.363281
vt 0.003906 0.363281
vt 0.082031 0.269531
vt 0.550781 0.222656
vt 0.496094 0.152344
vt 0.636719 0.152344
vt 0.394531 0.363281
vt 0.316406 0.269531
vt 0.394531 0.230469
vt 0.082031 0.269531
vt 0.003906 0.363281
vt 0.003906 0.230469
vt 0.550781 0.222656
vt 0.394531 0.230469
vt 0.550781 0.316406
vt 0.496094 0.089844
vt 0.636719 0.152344
vt 0.496094 0.152344
vt 0.550781 0.222656
vt 0.496094 0.152344
vt 0.394531 0.230469
vt 0.667969 0.253906
vt 0.550781 0.222656
vt 0.636719 0.152344
vt 0.519531 0.417969
vt 0.441406 0.363281
vt 0.550781 0.316406
vt 0.394531 0.230469
vt 0.550781 0.316406
vt 0.441406 0.363281
vt 0.519531 0.417969
vt 0.621094 0.355469
vt 0.550781 0.316406
vt 0.621094 0.355469
vt 0.550781 0.222656
vt 0.550781 0.316406
vt 0.667969 0.253906
vt 0.667969 0.371094
vt 0.621094 0.355469
vt 0.800781 0.386719
vt 0.667969 0.371094
vt 0.714844 0.417969
vt 0.667969 0.253906
vt 0.667969 0.371094
vt 0.800781 0.253906
vt 0.800781 0.253906
vt 0.667969 0.371094
vt 0.800781 0.386719
vt 0.800781 0.386719
vt 0.667969 0.371094
vt 0.800781 0.253906
vt 0.042969 0.152344
vt 0.198242 0.156250
vt 0.003906 0.230469
vt 0.394531 0.230469
vt 0.198242 0.156250
vt 0.355469 0.152344
vt 0.621094 0.496094
vt 0.667969 0.371094
vt 0.621094 0.355469
vt 0.675781 0.496094
vt 0.621094 0.496094
vt 0.714844 0.417969
vt 0.714844 0.417969
vt 0.621094 0.496094
vt 0.667969 0.371094
vt 0.621094 0.496094
vt 0.714844 0.417969
vt 0.667969 0.371094
vt 0.042969 0.089844
vt 0.198242 -0.027344
vt 0.113281 0.058594
vt 0.355469 0.089844
vt 0.285156 0.058594
vt 0.198242 -0.027344
vt 0.550781 0.222656
vt 0.636719 0.152344
vt 0.496094 0.152344
vt 0.636719 0.152344
vt 0.496094 0.089844
vt 0.496094 0.152344
vt 0.457031 -0.027344
vt 0.496094 0.089844
vt 0.636719 0.089844
vt 0.496094 0.152344
vt 0.394531 0.230469
vt 0.355469 0.152344
vt 0.496094 0.089844
vt 0.496094 0.152344
vt 0.355469 0.152344
vt 0.355469 0.089844
vt 0.457031 -0.027344
vt 0.496094 0.089844
vt 0.550781 0.222656
vt 0.394531 0.230469
vt 0.496094 0.152344
vt 0.394531 0.230469
vt 0.496094 0.152344
vt 0.355469 0.152344
vt 0.636719 0.089844
vt 0.496094 0.089844
vt 0.636719 0.152344
vt 0.496094 0.089844
vt 0.355469 0.089844
vt 0.355469 0.152344
vt 0.496094 0.089844
vt 0.355469 0.152344
vt 0.355469 0.089844
vt 0.636719 0.089844
vt 0.636719 0.152344
vt 0.496094 0.089844
vt 0.058594 0.363281
vt 0.003906 0.449219
vt 0.003906 0.363281
vt 0.339844 0.363281
vt 0.394531 0.449219
vt 0.339844 0.449219
vt 0.019531 0.003906
vt 0.000000 0.214844
vt -0.019531 0.003906
vt 0.019531 0.003906
vt -0.019531 0.003906
vt 0.000000 0.214844
vt 0.000000 0.214844
vt 0.019531 0.003906
vt -0.019531 0.003906
vt 0.000000 0.214844
vt 0.019531 0.003906
vt -0.019531 0.003906
vt 0.000000 0.214844
vt -0.019531 0.003906
vt 0.019531 0.003906
vt 0.000000 0.214844
vt -0.019531 0.003906
vt 0.019531 0.003906
vt 0.019531 0.003906
vt 0.000000 0.214844
vt -0.019531 0.003906
vt 0.019531 0.003906
vt 0.000000 0.214844
vt -0.019531 0.003906
vt -0.019531 0.003906
vt 0.000000 0.214844
vt 0.019531 0.003906
vt -0.019531 0.003906
vt 0.000000 0.214844
vt 0.019531 0.003906
vt 0.550781 0.222656
vt 0.621094 0.355469
vt 0.550781 0.316406
vt 0.667969 0.253906
vt 0.550781 0.222656
vt 0.621094 0.355469
vt 0.550781 0.222656
vt 0.550781 0.316406
vt 0.394531 0.230469
vt 0.550781 0.316406
vt 0.394531 0.230469
vt 0.441406 0.363281
vt 0.800781 0.152344
vt 0.800781 0.253906
vt 0.667969 0.253906
vt 0.667969 0.152344
vt 0.800781 0.152344
vt 0.667969 0.152344
vt 0.667969 0.253906
vt 0.800781 0.253906
vt 0.198242 0.089844
vt 0.042969 0.152344
vt 0.042969 0.089844
vt 0.113281 0.058594
vt 0.198242 0.089844
vt 0.285156 0.058594
vt 0.355469 0.089844
vt 0.355469 0.152344
vt 0.800781 0.089844
vt 0.800781 0.152344
vt 0.667969 0.152344
vt 0.667969 0.089844
vt 0.800781 0.089844
vt 0.667969 0.089844
vt 0.667969 0.152344
vt 0.800781 0.152344
s 1
usemtl Material.001
f 73/73/25 74/74/25 75/75/25
f 76/76/26 77/77/26 78/78/26
f 79/79/27 80/80/27 81/81/27
f 82/82/28 83/83/28 84/84/28
f 85/85/29 86/86/29 87/87/29
f 88/88/30 89/89/30 90/90/30
f 91/91/31 92/92/31 93/93/31
f 94/94/32 95/95/32 96/96/32
f 97/97/33 98/98/33 99/99/33
f 100/100/34 101/101/34 102/102/34
f 103/103/35 104/104/35 105/105/35
f 106/106/36 107/107/36 108/108/36
f 109/109/37 110/110/37 111/111/37
f 112/112/38 113/113/38 114/114/38
f 115/115/39 116/116/39 117/117/39
f 118/118/40 119/119/40 120/120/40
f 121/121/41 122/122/41 123/123/41
f 124/124/42 125/125/42 126/126/42
f 127/127/43 128/128/43 129/129/43
f 130/130/44 131/131/44 132/132/44
f 133/133/45 134/134/45 135/135/45
f 136/136/46 137/137/46 138/138/46
f 139/139/47 140/140/47 141/141/47
f 142/142/48 143/143/48 144/144/48
f 145/145/49 146/146/49 147/147/49
f 148/148/50 149/149/50 150/150/50
f 151/151/51 152/152/51 153/153/51
f 154/154/52 155/155/52 156/156/52
f 157/157/53 158/158/53 159/159/53
f 160/160/54 161/161/54 162/162/54
f 163/163/55 164/164/55 165/165/55
f 166/166/56 167/167/56 168/168/56
f 169/169/57 170/170/57 171/171/57
f 172/172/58 173/173/58 174/174/58
f 175/175/59 176/176/59 177/177/59
f 178/178/60 179/179/60 180/180/60
f 181/181/61 182/182/61 183/183/61
f 184/184/62 185/185/62 186/186/62
f 187/187/63 188/188/63 189/189/63
f 190/190/64 191/191/64 192/192/64
f 193/193/65 194/194/65 195/195/65
f 196/196/66 197/197/66 198/198/66
f 199/199/67 200/200/67 201/201/67
f 202/202/68 203/203/68 204/204/68
f 205/205/69 206/206/69 207/207/69
f 208/208/70 209/209/70 210/210/70
f 211/211/71 212/212/71 213/213/71
f 214/214/72 215/215/72 216/216/72
f 217/217/73 218/218/73 219/219/73
f 220/220/74 221/221/74 222/222/74
f 223/223/75 224/224/75 225/225/75
f 226/226/76 227/227/76 228/228/76
f 229/229/77 230/230/77 231/231/77
f 232/232/78 233/233/78 234/234/78
f 235/235/79 236/236/79 237/237/79
f 238/238/80 239/239/80 240/240/80
f 241/241/81 242/242/81 243/243/81
f 244/244/82 245/245/82 246/246/82
f 247/247/83 248/248/83 249/249/83
f 250/250/84 251/251/84 252/252/84
f 253/253/85 254/254/85 255/255/85
f 256/256/86 257/257/86 258/258/86
f 259/259/87 260/260/87 261/261/87
f 262/262/88 263/263/88 264/264/88
f 265/265/89 266/266/89 267/267/89
f 268/268/90 269/269/90 270/270/90
f 271/271/91 272/272/91 273/273/91
f 274/274/92 275/275/92 276/276/92
f 277/277/93 278/278/93 279/279/93
f 280/280/94 281/281/94 282/282/94
f 283/283/95 284/284/95 285/285/95
f 286/286/96 287/287/96 288/288/96
f 289/289/97 290/290/97 291/291/97
f 292/292/98 293/293/98 294/294/98
f 295/295/99 296/296/99 297/297/99
f 298/298/100 299/299/100 300/300/100
f 301/301/101 302/302/101 303/303/101
f 304/304/102 305/305/102 306/306/102
f 307/307/103 308/308/103 309/309/103
f 310/310/104 311/311/104 312/312/104
f 313/313/105 314/314/105 315/315/105
f 316/316/106 317/317/106 318/318/106
f 319/319/107 320/320/107 321/321/107
f 322/322/108 323/323/108 324/324/108
f 325/325/109 326/326/109 327/327/109
f 328/328/110 329/329/110 330/330/110
f 331/331/111 332/332/111 333/333/111
f 334/334/112 335/335/112 336/336/112
f 337/337/113 338/338/113 339/339/113
f 340/340/114 341/341/114 342/342/114
f 343/343/115 344/344/115 345/345/115
f 346/346/116 347/347/116 348/348/116
f 349/349/117 350/350/117 351/351/117
f 352/352/118 353/353/118 354/354/118
f 355/355/119 356/356/119 357/357/119
f 358/358/120 359/359/120 360/360/120
f 361/361/121 362/362/121 363/363/121
f 364/364/122 365/365/122 366/366/122
f 367/367/123 368/368/123 369/369/123
f 370/370/124 371/371/124 372/372/124
f 373/373/125 374/374/125 375/375/125
f 376/376/126 377/377/126 378/378/126
f 379/379/127 380/380/127 381/381/127
f 382/382/128 383/383/128 384/384/128
f 385/385/129 386/386/129 387/387/129 388/388/129
f 389/389/130 390/390/130 391/391/130 392/392/130
f 393/393/131 394/394/131 395/395/131 396/396/131
f 397/397/132 398/398/132 399/399/132 400/400/132
f 401/401/133 402/402/133 403/403/133 404/404/133
f 405/405/134 406/406/134 407/407/134 408/408/134
o dbkultimate-2024-12-21-22-56-01-640.004
v 0.425398 5.356783 0.112729
v 0.418886 5.035943 0.013611
v 0.504101 5.145807 -0.050617
v 0.425398 5.356783 0.112729
v 0.504101 5.145807 -0.050617
v 0.514822 5.281240 -0.015189
v 0.425398 5.356783 0.112729
v 0.321399 5.009175 0.084817
v 0.418886 5.035943 0.013611
v 0.274514 5.111705 -0.025248
v 0.514822 5.281240 -0.015189
v 0.504101 5.145807 -0.050617
v 0.274514 5.111705 -0.025248
v 0.425398 5.356783 0.112729
v 0.514822 5.281240 -0.015189
v 0.418886 5.035943 0.013611
v 0.321399 5.009175 0.084817
v 0.274514 5.111705 -0.025248
v 0.418886 5.035943 0.013611
v 0.274514 5.111705 -0.025248
v 0.504101 5.145807 -0.050617
v -0.422870 5.347606 0.105366
v -0.493935 5.134935 -0.059172
v -0.407396 5.026908 0.006670
v -0.422870 5.347606 0.105366
v -0.508127 5.270330 -0.023924
v -0.493935 5.134935 -0.059172
v -0.422870 5.347606 0.105366
v -0.407396 5.026908 0.006670
v -0.310649 5.002305 0.079405
v -0.263960 5.105908 -0.029762
v -0.493935 5.134935 -0.059172
v -0.508127 5.270330 -0.023924
v -0.263960 5.105908 -0.029762
v -0.508127 5.270330 -0.023924
v -0.422870 5.347606 0.105366
v -0.407396 5.026908 0.006670
v -0.263960 5.105908 -0.029762
v -0.310649 5.002305 0.079405
v -0.407396 5.026908 0.006670
v -0.493935 5.134935 -0.059172
v -0.263960 5.105908 -0.029762
v 0.008156 4.987746 0.535715
v 0.058643 4.993791 0.439236
v 0.054808 5.030406 0.433348
v 0.008156 4.987746 0.535715
v 0.054808 5.030406 0.433348
v 0.007916 5.081596 0.465014
v -0.001869 4.987346 0.536265
v -0.055192 5.027213 0.433658
v -0.053987 4.992546 0.441343
v -0.001869 4.987346 0.536265
v -0.001615 5.081382 0.465057
v -0.055192 5.027213 0.433658
v 0.000043 5.156253 0.497472
v 0.165322 5.187827 0.405335
v 0.167903 5.226734 0.438932
v 0.160117 5.108495 0.388023
v 0.041291 5.104146 0.425462
v 0.157716 5.041800 0.389941
v 0.001019 5.105103 0.451212
v 0.001557 4.987567 0.539913
v 0.045439 4.993247 0.456717
v 0.432730 5.356959 0.103137
v 0.340428 5.281017 0.331311
v 0.280626 5.111917 0.309734
v 0.432730 5.356959 0.103137
v 0.319186 5.519794 0.326903
v 0.340428 5.281017 0.331311
v 0.041291 5.104146 0.425462
v 0.001019 5.105103 0.451212
v 0.045439 4.993247 0.456717
v 0.000043 5.156253 0.497472
v 0.001019 5.105103 0.451212
v 0.041291 5.104146 0.425462
v -0.164260 5.184283 0.402550
v 0.000043 5.156253 0.497472
v -0.168276 5.223136 0.436168
v -0.041052 4.992236 0.456042
v -0.038840 5.103439 0.424745
v -0.153054 5.038468 0.387335
v 0.001019 5.105103 0.451212
v -0.041052 4.992236 0.456042
v 0.001557 4.987567 0.539913
v -0.430194 5.347715 0.095816
v -0.275935 5.105645 0.305061
v -0.339998 5.273523 0.325340
v -0.430194 5.347715 0.095816
v -0.339998 5.273523 0.325340
v -0.324095 5.513003 0.321512
v -0.038840 5.103439 0.424745
v -0.041052 4.992236 0.456042
v 0.001019 5.105103 0.451212
v 0.000043 5.156253 0.497472
v -0.038840 5.103439 0.424745
v 0.001019 5.105103 0.451212
v 0.319186 5.519794 0.326903
v -0.004299 5.567051 0.472340
v 0.168693 5.330940 0.442070
v -0.171398 5.327210 0.439328
v -0.004299 5.567051 0.472340
v -0.324095 5.513003 0.321512
v -0.339998 5.273523 0.325340
v -0.171398 5.327210 0.439328
v -0.324095 5.513003 0.321512
v 0.157716 5.041800 0.389941
v 0.041291 5.104146 0.425462
v 0.045439 4.993247 0.456717
v -0.153054 5.038468 0.387335
v -0.038840 5.103439 0.424745
v -0.157006 5.105082 0.385196
v 0.280626 5.111917 0.309734
v 0.160117 5.108495 0.388023
v 0.157716 5.041800 0.389941
v 0.340428 5.281017 0.331311
v 0.167903 5.226734 0.438932
v 0.165322 5.187827 0.405335
v -0.339998 5.273523 0.325340
v -0.168276 5.223136 0.436168
v -0.171398 5.327210 0.439328
v -0.339998 5.273523 0.325340
v -0.275935 5.105645 0.305061
v -0.157006 5.105082 0.385196
v -0.153054 5.038468 0.387335
v -0.157006 5.105082 0.385196
v -0.275935 5.105645 0.305061
v -0.164260 5.184283 0.402550
v -0.157006 5.105082 0.385196
v -0.038840 5.103439 0.424745
v 0.340428 5.281017 0.331311
v 0.168693 5.330940 0.442070
v 0.167903 5.226734 0.438932
v 0.340428 5.281017 0.331311
v 0.319186 5.519794 0.326903
v 0.168693 5.330940 0.442070
v -0.001902 5.326955 0.503134
v -0.004299 5.567051 0.472340
v -0.171398 5.327210 0.439328
v 0.168693 5.330940 0.442070
v -0.004299 5.567051 0.472340
v -0.001902 5.326955 0.503134
v 0.340428 5.281017 0.331311
v 0.160117 5.108495 0.388023
v 0.280626 5.111917 0.309734
v -0.339998 5.273523 0.325340
v -0.157006 5.105082 0.385196
v -0.164260 5.184283 0.402550
v -0.339998 5.273523 0.325340
v -0.164260 5.184283 0.402550
v -0.168276 5.223136 0.436168
v 0.165322 5.187827 0.405335
v 0.041291 5.104146 0.425462
v 0.160117 5.108495 0.388023
v 0.340428 5.281017 0.331311
v 0.165322 5.187827 0.405335
v 0.160117 5.108495 0.388023
v -0.038840 5.103439 0.424745
v 0.000043 5.156253 0.497472
v -0.164260 5.184283 0.402550
v 0.041291 5.104146 0.425462
v 0.165322 5.187827 0.405335
v 0.000043 5.156253 0.497472
v -0.001902 5.326955 0.503134
v 0.000043 5.156253 0.497472
v 0.167903 5.226734 0.438932
v 0.168693 5.330940 0.442070
v -0.168276 5.223136 0.436168
v 0.000043 5.156253 0.497472
v -0.001902 5.326955 0.503134
v -0.171398 5.327210 0.439328
v 0.432730 5.356959 0.103137
v 0.280626 5.111917 0.309734
v 0.321399 5.009175 0.084817
v -0.310649 5.002305 0.079405
v -0.430194 5.347715 0.095816
v -0.209379 4.973601 -0.176156
v 0.432730 5.356959 0.103137
v 0.321399 5.009175 0.084817
v 0.219772 4.982827 -0.154267
v -0.275935 5.105645 0.305061
v -0.430194 5.347715 0.095816
v -0.310649 5.002305 0.079405
v 0.009434 4.802310 -0.100701
v 0.176628 4.815470 0.199659
v 0.053821 4.731896 0.308246
v 0.219772 4.982827 -0.154267
v 0.321399 5.009175 0.084817
v 0.009434 4.802310 -0.100701
v 0.045439 4.993247 0.456717
v 0.001557 4.987567 0.539913
v 0.002239 4.968774 0.487884
v 0.003188 4.899655 0.452019
v 0.053564 4.876271 0.414236
v 0.085270 4.891734 0.405207
v 0.058310 4.769185 0.365996
v 0.085270 4.891734 0.405207
v 0.053564 4.876271 0.414236
v 0.045439 4.993247 0.456717
v 0.046344 4.965199 0.458677
v 0.157716 5.041800 0.389941
v 0.002940 4.933592 0.455914
v 0.085270 4.891734 0.405207
v 0.083545 4.925275 0.420903
v 0.085270 4.891734 0.405207
v 0.058310 4.769185 0.365996
v 0.141016 4.834132 0.331191
v 0.141016 4.834132 0.331191
v 0.053821 4.731896 0.308246
v 0.176628 4.815470 0.199659
v -0.248605 4.934407 0.321193
v -0.163462 4.811741 0.196916
v -0.130665 4.831183 0.328944
v -0.041052 4.992236 0.456042
v 0.002239 4.968774 0.487884
v 0.001557 4.987567 0.539913
v -0.045875 4.875123 0.413360
v 0.003188 4.899655 0.452019
v -0.077691 4.889910 0.403814
v -0.041345 4.947919 0.459428
v -0.248605 4.934407 0.321193
v -0.076968 4.923624 0.419490
v 0.002940 4.933592 0.455914
v -0.041345 4.947919 0.459428
v -0.076968 4.923624 0.419490
v -0.077691 4.889910 0.403814
v -0.130665 4.831183 0.328944
v -0.047237 4.767968 0.365142
v -0.130665 4.831183 0.328944
v -0.040730 4.730851 0.307349
v -0.047237 4.767968 0.365142
v -0.275586 4.896341 0.095936
v 0.009434 4.802310 -0.100701
v -0.163462 4.811741 0.196916
v 0.009422 5.006341 -0.341071
v 0.219772 4.982827 -0.154267
v 0.009434 4.802310 -0.100701
v 0.009434 4.802310 -0.100701
v -0.209379 4.973601 -0.176156
v 0.009422 5.006341 -0.341071
v 0.256637 4.939675 0.325592
v 0.141016 4.834132 0.331191
v 0.176628 4.815470 0.199659
v -0.248605 4.934407 0.321193
v -0.275586 4.896341 0.095936
v -0.163462 4.811741 0.196916
v -0.248605 4.934407 0.321193
v -0.310649 5.002305 0.079405
v -0.275586 4.896341 0.095936
v 0.009434 4.802310 -0.100701
v -0.040730 4.730851 0.307349
v -0.163462 4.811741 0.196916
v 0.009434 4.802310 -0.100701
v 0.053821 4.731896 0.308246
v -0.040730 4.730851 0.307349
v -0.047237 4.767968 0.365142
v 0.003771 4.885901 0.421116
v -0.045875 4.875123 0.413360
v 0.058310 4.769185 0.365996
v 0.003771 4.885901 0.421116
v -0.047237 4.767968 0.365142
v 0.256637 4.939675 0.325592
v 0.321399 5.009175 0.084817
v 0.280626 5.111917 0.309734
v 0.256637 4.939675 0.325592
v 0.176628 4.815470 0.199659
v 0.288297 4.902425 0.100852
v 0.280626 5.111917 0.309734
v 0.157716 5.041800 0.389941
v 0.256637 4.939675 0.325592
v -0.153054 5.038468 0.387335
v -0.275935 5.105645 0.305061
v -0.248605 4.934407 0.321193
v 0.045439 4.993247 0.456717
v 0.002239 4.968774 0.487884
v 0.046344 4.965199 0.458677
v -0.041052 4.992236 0.456042
v -0.041366 4.964221 0.458003
v 0.002239 4.968774 0.487884
v 0.058310 4.769185 0.365996
v 0.053564 4.876271 0.414236
v 0.003771 4.885901 0.421116
v -0.047237 4.767968 0.365142
v -0.045875 4.875123 0.413360
v -0.077691 4.889910 0.403814
v 0.002940 4.933592 0.455914
v 0.046854 4.948903 0.460346
v 0.002465 4.951091 0.490410
v -0.041345 4.947919 0.459428
v 0.002940 4.933592 0.455914
v 0.002465 4.951091 0.490410
v 0.046854 4.948903 0.460346
v 0.256637 4.939675 0.325592
v 0.046344 4.965199 0.458677
v -0.153054 5.038468 0.387335
v -0.041366 4.964221 0.458003
v -0.041052 4.992236 0.456042
v 0.141016 4.834132 0.331191
v 0.058310 4.769185 0.365996
v 0.053821 4.731896 0.308246
v -0.130665 4.831183 0.328944
v -0.163462 4.811741 0.196916
v -0.040730 4.730851 0.307349
v -0.310649 5.002305 0.079405
v 0.009434 4.802310 -0.100701
v -0.275586 4.896341 0.095936
v 0.176628 4.815470 0.199659
v 0.009434 4.802310 -0.100701
v 0.288297 4.902425 0.100852
v -0.248605 4.934407 0.321193
v -0.275935 5.105645 0.305061
v -0.310649 5.002305 0.079405
v 0.256637 4.939675 0.325592
v 0.288297 4.902425 0.100852
v 0.321399 5.009175 0.084817
v 0.002940 4.933592 0.455914
v 0.003188 4.899655 0.452019
v 0.085270 4.891734 0.405207
v -0.077691 4.889910 0.403814
v 0.003188 4.899655 0.452019
v 0.002940 4.933592 0.455914
v -0.045875 4.875123 0.413360
v 0.003771 4.885901 0.421116
v 0.003188 4.899655 0.452019
v 0.003188 4.899655 0.452019
v 0.003771 4.885901 0.421116
v 0.053564 4.876271 0.414236
v 0.002940 4.933592 0.455914
v 0.083545 4.925275 0.420903
v 0.046854 4.948903 0.460346
v 0.002940 4.933592 0.455914
v -0.076968 4.923624 0.419490
v -0.077691 4.889910 0.403814
v 0.009434 4.802310 -0.100701
v 0.321399 5.009175 0.084817
v 0.288297 4.902425 0.100852
v -0.209379 4.973601 -0.176156
v 0.009434 4.802310 -0.100701
v -0.310649 5.002305 0.079405
v 0.046344 4.965199 0.458677
v 0.256637 4.939675 0.325592
v 0.157716 5.041800 0.389941
v -0.248605 4.934407 0.321193
v -0.041366 4.964221 0.458003
v -0.153054 5.038468 0.387335
v 0.083545 4.925275 0.420903
v 0.256637 4.939675 0.325592
v 0.046854 4.948903 0.460346
v -0.041366 4.964221 0.458003
v -0.248605 4.934407 0.321193
v -0.041345 4.947919 0.459428
v 0.053821 4.731896 0.308246
v 0.058310 4.769185 0.365996
v -0.047237 4.767968 0.365142
v -0.040730 4.730851 0.307349
v 0.085270 4.891734 0.405207
v 0.141016 4.834132 0.331191
v 0.256637 4.939675 0.325592
v 0.083545 4.925275 0.420903
v -0.077691 4.889910 0.403814
v -0.076968 4.923624 0.419490
v -0.248605 4.934407 0.321193
v -0.130665 4.831183 0.328944
v 0.002465 4.951091 0.490410
v 0.046854 4.948903 0.460346
v 0.046344 4.965199 0.458677
v 0.002239 4.968774 0.487884
v -0.041366 4.964221 0.458003
v -0.041345 4.947919 0.459428
v 0.002465 4.951091 0.490410
v 0.002239 4.968774 0.487884
vn 0.7466 -0.2101 0.6312
vn 0.7305 -0.2264 0.6443
vn 0.6148 -0.2442 0.7499
vn -0.1443 0.2611 -0.9545
vn -0.4145 0.6267 -0.6599
vn -0.2350 -0.7591 -0.6071
vn -0.0233 -0.4910 -0.8708
vn -0.7529 -0.2265 0.6179
vn -0.7375 -0.2415 0.6307
vn -0.6216 -0.2576 0.7397
vn 0.1551 0.2641 -0.9520
vn 0.4126 0.6359 -0.6522
vn 0.2618 -0.7535 -0.6031
vn 0.0493 -0.4907 -0.8699
vn 0.8694 0.1659 0.4654
vn 0.7675 0.3870 0.5110
vn -0.8722 0.0768 0.4831
vn -0.7333 0.4117 0.5410
vn 0.4756 -0.5928 0.6499
vn 0.2999 0.0166 0.9538
vn 0.8193 0.3478 0.4559
vn 0.9028 -0.3510 0.2484
vn 0.9128 0.0886 0.3987
vn 0.5259 0.2489 0.8133
vn 0.4188 -0.6047 0.6775
vn -0.4735 -0.6038 0.6413
vn -0.4280 0.2527 0.8677
vn -0.8341 0.3298 0.4421
vn -0.8988 -0.3712 0.2332
vn -0.9210 0.0673 0.3837
vn -0.5442 0.2373 0.8047
vn -0.4189 -0.6135 0.6695
vn 0.4259 0.1989 0.8826
vn -0.4449 0.1895 0.8753
vn -0.5705 0.0510 0.8197
vn 0.4072 0.2618 0.8750
vn -0.3172 0.0116 0.9483
vn 0.5447 0.0045 0.8386
vn 0.5576 -0.5634 0.6096
vn -0.5504 -0.0418 0.8338
vn -0.5341 -0.2993 0.7906
vn -0.5588 -0.0065 0.8293
vn -0.3117 -0.2305 0.9218
vn 0.5357 -0.0295 0.8439
vn 0.5541 0.0646 0.8300
vn -0.3498 0.1157 0.9297
vn 0.3319 0.1233 0.9352
vn 0.5274 -0.2885 0.7992
vn -0.4868 -0.2293 0.8429
vn -0.5558 -0.5760 0.5993
vn 0.3004 -0.2221 0.9276
vn 0.4759 -0.2172 0.8523
vn -0.4828 -0.5654 0.6687
vn 0.4836 -0.5538 0.6778
vn 0.3387 -0.0287 0.9405
vn -0.3534 -0.0365 0.9347
vn 0.9029 -0.3050 0.3030
vn -0.8990 -0.2958 -0.3230
vn 0.8968 -0.2686 -0.3516
vn -0.9008 -0.3254 0.2876
vn 0.4256 -0.8829 -0.1982
vn 0.6147 -0.7687 -0.1766
vn 0.6163 -0.7381 0.2747
vn 0.4254 -0.3974 0.8131
vn 0.4133 -0.3587 0.8370
vn 0.4850 0.0765 0.8711
vn 0.3339 -0.3854 0.8602
vn 0.5881 -0.3610 0.7238
vn 0.6977 -0.6584 0.2823
vn -0.6448 -0.7167 0.2657
vn -0.6025 -0.7532 0.2641
vn -0.4309 -0.4072 0.8053
vn -0.4461 -0.5307 0.7207
vn -0.1933 -0.7522 0.6300
vn -0.5929 -0.3742 0.7130
vn -0.6575 -0.6654 0.3533
vn -0.4448 -0.8653 -0.2310
vn 0.4396 -0.6847 -0.5812
vn -0.3500 -0.7142 -0.6062
vn 0.6551 -0.7029 0.2771
vn -0.6985 -0.6872 0.1998
vn -0.9441 -0.2872 0.1616
vn -0.4027 -0.8919 -0.2057
vn 0.0125 -0.9852 -0.1710
vn -0.0534 -0.4092 0.9109
vn -0.0024 -0.4279 0.9038
vn 0.9672 -0.1138 0.2273
vn 0.7100 -0.6717 0.2114
vn 0.5461 0.0011 0.8377
vn -0.5606 -0.0115 0.8280
vn 0.5548 0.0758 0.8285
vn -0.5686 0.0638 0.8201
vn 0.0469 -0.4085 0.9115
vn -0.4199 -0.3680 0.8296
vn 0.2557 -0.8608 0.4401
vn -0.2455 -0.8659 0.4358
vn 0.5408 0.1024 0.8349
vn -0.5018 0.0660 0.8624
vn 0.6651 -0.6498 0.3679
vn -0.6874 -0.6743 0.2700
vn -0.6072 -0.3147 -0.7296
vn 0.4683 -0.8549 -0.2232
vn -0.9682 -0.1347 0.2106
vn 0.9472 -0.2670 0.1777
vn 0.4861 -0.0961 0.8686
vn -0.5002 -0.1023 0.8599
vn 0.1331 -0.9045 0.4051
vn -0.1201 -0.9078 0.4018
vn 0.1974 -0.7491 0.6323
vn -0.3411 -0.3903 0.8552
vn 0.6273 -0.3023 -0.7177
vn -0.5800 -0.8025 -0.1397
vn 0.5333 -0.0164 0.8458
vn -0.5479 -0.0284 0.8361
vn 0.4438 -0.5241 0.7268
vn -0.5567 0.0716 0.8276
vn 0.0048 -0.8407 0.5415
vn 0.4767 -0.4454 0.7579
vn -0.4808 -0.4549 0.7496
vn 0.5580 0.1136 0.8221
vn -0.5744 0.0904 0.8135
vt 0.503906 0.339844
vt 0.550781 0.160156
vt 0.597656 0.246094
vt 0.503906 0.339844
vt 0.597656 0.246094
vt 0.582031 0.339844
vt 0.503906 0.339844
vt 0.503906 0.144531
vt 0.550781 0.160156
vt 0.366211 0.127441
vt 0.399414 0.270996
vt 0.322266 0.215820
vt 0.366211 0.127441
vt 0.454590 0.215820
vt 0.399414 0.270996
vt 0.294434 0.122070
vt 0.316406 0.077637
vt 0.366211 0.127441
vt 0.294434 0.122070
vt 0.366211 0.127441
vt 0.322266 0.215820
vt 0.503906 0.339844
vt 0.597656 0.246094
vt 0.550781 0.160156
vt 0.503906 0.339844
vt 0.582031 0.339844
vt 0.597656 0.246094
vt 0.503906 0.339844
vt 0.550781 0.160156
vt 0.503906 0.144531
vt 0.366211 0.127441
vt 0.322266 0.215820
vt 0.399414 0.270996
vt 0.366211 0.127441
vt 0.399414 0.270996
vt 0.454590 0.215820
vt 0.294434 0.122070
vt 0.366211 0.127441
vt 0.316406 0.077637
vt 0.294434 0.122070
vt 0.322266 0.215820
vt 0.366211 0.127441
vt 0.292969 0.691406
vt 0.355469 0.707031
vt 0.355469 0.746094
vt 0.292969 0.691406
vt 0.355469 0.746094
vt 0.292969 0.785156
vt 0.472656 0.683594
vt 0.417969 0.621094
vt 0.457031 0.621094
vt 0.472656 0.683594
vt 0.378906 0.683594
vt 0.417969 0.621094
vt 0.003906 0.425781
vt 0.166504 0.433594
vt 0.167969 0.472656
vt 0.164062 0.355469
vt 0.035156 0.355469
vt 0.160156 0.292969
vt 0.003906 0.355469
vt 0.003906 0.261719
vt 0.042969 0.261719
vt 0.496094 0.550781
vt 0.332031 0.519531
vt 0.285156 0.355469
vt 0.496094 0.550781
vt 0.316406 0.660156
vt 0.332031 0.519531
vt 0.035156 0.355469
vt 0.003906 0.355469
vt 0.042969 0.261719
vt 0.003906 0.425781
vt 0.003906 0.355469
vt 0.035156 0.355469
vt 0.166504 0.433594
vt 0.003906 0.425781
vt 0.167969 0.472656
vt 0.042969 0.261719
vt 0.035156 0.355469
vt 0.160156 0.292969
vt 0.003906 0.355469
vt 0.042969 0.261719
vt 0.003906 0.261719
vt 0.496094 0.550781
vt 0.285156 0.355469
vt 0.332031 0.519531
vt 0.496094 0.550781
vt 0.332031 0.519531
vt 0.316406 0.660156
vt 0.035156 0.355469
vt 0.042969 0.261719
vt 0.003906 0.355469
vt 0.003906 0.425781
vt 0.035156 0.355469
vt 0.003906 0.355469
vt 0.316406 0.660156
vt 0.003906 0.683594
vt 0.167969 0.550781
vt 0.167969 0.550781
vt 0.003906 0.683594
vt 0.316406 0.660156
vt 0.332031 0.519531
vt 0.167969 0.550781
vt 0.316406 0.660156
vt 0.160156 0.292969
vt 0.035156 0.355469
vt 0.042969 0.261719
vt 0.160156 0.292969
vt 0.035156 0.355469
vt 0.164062 0.355469
vt 0.285156 0.355469
vt 0.164062 0.355469
vt 0.160156 0.292969
vt 0.332031 0.519531
vt 0.167969 0.472656
vt 0.166504 0.433594
vt 0.332031 0.519531
vt 0.167969 0.472656
vt 0.167969 0.550781
vt 0.332031 0.519531
vt 0.285156 0.355469
vt 0.164062 0.355469
vt 0.160156 0.292969
vt 0.164062 0.355469
vt 0.285156 0.355469
vt 0.166504 0.433594
vt 0.164062 0.355469
vt 0.035156 0.355469
vt 0.332031 0.519531
vt 0.167969 0.550781
vt 0.167969 0.472656
vt 0.332031 0.519531
vt 0.316406 0.660156
vt 0.167969 0.550781
vt 0.003906 0.550781
vt 0.003906 0.683594
vt 0.167969 0.550781
vt 0.167969 0.550781
vt 0.003906 0.683594
vt 0.003906 0.550781
vt 0.332031 0.519531
vt 0.164062 0.355469
vt 0.285156 0.355469
vt 0.332031 0.519531
vt 0.164062 0.355469
vt 0.166504 0.433594
vt 0.332031 0.519531
vt 0.166504 0.433594
vt 0.167969 0.472656
vt 0.166504 0.433594
vt 0.035156 0.355469
vt 0.164062 0.355469
vt 0.332031 0.519531
vt 0.166504 0.433594
vt 0.164062 0.355469
vt 0.035156 0.355469
vt 0.003906 0.425781
vt 0.166504 0.433594
vt 0.035156 0.355469
vt 0.166504 0.433594
vt 0.003906 0.425781
vt 0.003906 0.550781
vt 0.003906 0.425781
vt 0.167969 0.472656
vt 0.167969 0.550781
vt 0.167969 0.472656
vt 0.003906 0.425781
vt 0.003906 0.550781
vt 0.167969 0.550781
vt 0.496094 0.550781
vt 0.285156 0.355469
vt 0.410156 0.214844
vt 0.410156 0.214844
vt 0.496094 0.550781
vt 0.488281 0.128906
vt 0.496094 0.550781
vt 0.410156 0.214844
vt 0.488281 0.128906
vt 0.285156 0.355469
vt 0.496094 0.550781
vt 0.410156 0.214844
vt 0.410156 0.000000
vt 0.316406 0.066406
vt 0.316406 0.019531
vt 0.488281 0.128906
vt 0.410156 0.214844
vt 0.410156 0.000000
vt 0.613281 0.144531
vt 0.613281 0.238281
vt 0.566406 0.144531
vt 0.000000 0.144531
vt 0.050781 0.121094
vt 0.082031 0.144531
vt 0.050781 0.050781
vt 0.082031 0.144531
vt 0.050781 0.121094
vt 0.042969 0.261719
vt 0.042969 0.222656
vt 0.160156 0.292969
vt 0.000000 0.176270
vt 0.082031 0.144531
vt 0.082031 0.175781
vt 0.082031 0.144531
vt 0.050781 0.050781
vt 0.175781 0.128906
vt 0.175781 0.128906
vt 0.050781 0.003906
vt 0.316406 0.089844
vt 0.277344 0.199219
vt 0.316406 0.089844
vt 0.175781 0.128906
vt 0.613281 0.144531
vt 0.566406 0.144531
vt 0.613281 0.238281
vt 0.050781 0.121094
vt 0.000000 0.144531
vt 0.082031 0.144531
vt 0.042969 0.207031
vt 0.277344 0.199219
vt 0.082031 0.175781
vt 0.000000 0.176270
vt 0.042969 0.207031
vt 0.082031 0.175781
vt 0.082031 0.144531
vt 0.175781 0.128906
vt 0.050781 0.050781
vt 0.175781 0.128906
vt 0.050781 0.003906
vt 0.050781 0.050781
vt 0.386719 0.128906
vt 0.410156 0.000000
vt 0.316406 0.066406
vt 0.496094 0.000000
vt 0.488281 0.128906
vt 0.410156 0.000000
vt 0.410156 0.000000
vt 0.488281 0.128906
vt 0.496094 0.000000
vt 0.277344 0.199219
vt 0.175781 0.128906
vt 0.316406 0.089844
vt 0.277344 0.199219
vt 0.386719 0.128906
vt 0.316406 0.089844
vt 0.277344 0.199219
vt 0.410156 0.214844
vt 0.386719 0.128906
vt 0.410156 0.000000
vt 0.316406 0.019531
vt 0.316406 0.066406
vt 0.410156 0.000000
vt 0.316406 0.019531
vt 0.316406 -0.027344
vt 0.050781 0.050781
vt 0.000000 0.128906
vt 0.050781 0.121094
vt 0.050781 0.050781
vt 0.000000 0.128906
vt 0.000000 0.050781
vt 0.277344 0.199219
vt 0.410156 0.214844
vt 0.285156 0.355469
vt 0.277344 0.199219
vt 0.316406 0.089844
vt 0.386719 0.128906
vt 0.285156 0.355469
vt 0.160156 0.292969
vt 0.277344 0.199219
vt 0.160156 0.292969
vt 0.285156 0.355469
vt 0.277344 0.199219
vt 0.042969 0.261719
vt 0.003906 0.222656
vt 0.042969 0.222656
vt 0.042969 0.261719
vt 0.042969 0.222656
vt 0.003906 0.222656
vt 0.050781 0.050781
vt 0.050781 0.121094
vt 0.000000 0.128906
vt 0.050781 0.050781
vt 0.050781 0.121094
vt 0.082031 0.144531
vt 0.000000 0.176270
vt 0.042969 0.207031
vt 0.003906 0.207031
vt 0.042969 0.207031
vt 0.000000 0.176270
vt 0.003906 0.207031
vt 0.042969 0.207031
vt 0.277344 0.199219
vt 0.042969 0.222656
vt 0.160156 0.292969
vt 0.042969 0.222656
vt 0.042969 0.261719
vt 0.175781 0.128906
vt 0.050781 0.050781
vt 0.050781 0.003906
vt 0.175781 0.128906
vt 0.316406 0.089844
vt 0.050781 0.003906
vt 0.410156 0.214844
vt 0.410156 0.000000
vt 0.386719 0.128906
vt 0.316406 0.066406
vt 0.410156 0.000000
vt 0.386719 0.128906
vt 0.277344 0.199219
vt 0.285156 0.355469
vt 0.410156 0.214844
vt 0.277344 0.199219
vt 0.386719 0.128906
vt 0.410156 0.214844
vt 0.000000 0.176270
vt 0.000000 0.144531
vt 0.082031 0.144531
vt 0.082031 0.144531
vt 0.000000 0.144531
vt 0.000000 0.176270
vt 0.050781 0.121094
vt 0.000000 0.128906
vt 0.000000 0.144531
vt 0.000000 0.144531
vt 0.000000 0.128906
vt 0.050781 0.121094
vt 0.000000 0.176270
vt 0.082031 0.175781
vt 0.042969 0.207031
vt 0.000000 0.176270
vt 0.082031 0.175781
vt 0.082031 0.144531
vt 0.410156 0.000000
vt 0.410156 0.214844
vt 0.386719 0.128906
vt 0.488281 0.128906
vt 0.410156 0.000000
vt 0.410156 0.214844
vt 0.042969 0.222656
vt 0.277344 0.199219
vt 0.160156 0.292969
vt 0.277344 0.199219
vt 0.042969 0.222656
vt 0.160156 0.292969
vt 0.082031 0.175781
vt 0.277344 0.199219
vt 0.042969 0.207031
vt 0.042969 0.222656
vt 0.277344 0.199219
vt 0.042969 0.207031
vt 0.050781 0.003906
vt 0.050781 0.050781
vt 0.000000 0.050781
vt 0.000000 0.003906
vt 0.082031 0.144531
vt 0.175781 0.128906
vt 0.277344 0.199219
vt 0.082031 0.175781
vt 0.082031 0.144531
vt 0.082031 0.175781
vt 0.277344 0.199219
vt 0.175781 0.128906
vt 0.003906 0.207031
vt 0.042969 0.207031
vt 0.042969 0.222656
vt 0.003906 0.222656
vt 0.042969 0.222656
vt 0.042969 0.207031
vt 0.003906 0.207031
vt 0.003906 0.222656
s 1
usemtl Material.023
f 409/409/135 410/410/135 411/411/135
f 412/412/136 413/413/136 414/414/136
f 415/415/137 416/416/137 417/417/137
f 418/418/138 419/419/138 420/420/138
f 421/421/139 422/422/139 423/423/139
f 424/424/140 425/425/140 426/426/140
f 427/427/141 428/428/141 429/429/141
f 430/430/142 431/431/142 432/432/142
f 433/433/143 434/434/143 435/435/143
f 436/436/144 437/437/144 438/438/144
f 439/439/145 440/440/145 441/441/145
f 442/442/146 443/443/146 444/444/146
f 445/445/147 446/446/147 447/447/147
f 448/448/148 449/449/148 450/450/148
f 451/451/149 452/452/149 453/453/149
f 454/454/150 455/455/150 456/456/150
f 457/457/151 458/458/151 459/459/151
f 460/460/152 461/461/152 462/462/152
f 463/463/153 464/464/153 465/465/153
f 466/466/154 467/467/154 468/468/154
f 469/469/155 470/470/155 471/471/155
f 472/472/156 473/473/156 474/474/156
f 475/475/157 476/476/157 477/477/157
f 478/478/158 479/479/158 480/480/158
f 481/481/159 482/482/159 483/483/159
f 484/484/160 485/485/160 486/486/160
f 487/487/161 488/488/161 489/489/161
f 490/490/162 491/491/162 492/492/162
f 493/493/163 494/494/163 495/495/163
f 496/496/164 497/497/164 498/498/164
f 499/499/165 500/500/165 501/501/165
f 502/502/166 503/503/166 504/504/166
f 505/505/167 506/506/167 507/507/167
f 508/508/168 509/509/168 510/510/168
f 511/511/169 512/512/169 513/513/169
f 514/514/170 515/515/170 516/516/170
f 517/517/171 518/518/171 519/519/171
f 520/520/172 521/521/172 522/522/172
f 523/523/173 524/524/173 525/525/173
f 526/526/174 527/527/174 528/528/174
f 529/529/175 530/530/175 531/531/175
f 532/532/176 533/533/176 534/534/176
f 535/535/177 536/536/177 537/537/177
f 538/538/178 539/539/178 540/540/178
f 541/541/179 542/542/179 543/543/179
f 544/544/180 545/545/180 546/546/180
f 547/547/181 548/548/181 549/549/181
f 550/550/182 551/551/182 552/552/182
f 553/553/183 554/554/183 555/555/183
f 556/556/184 557/557/184 558/558/184
f 559/559/185 560/560/185 561/561/185
f 562/562/186 563/563/186 564/564/186
f 565/565/187 566/566/187 567/567/187
f 568/568/188 569/569/188 570/570/188
f 571/571/189 572/572/189 573/573/189 574/574/189
f 575/575/190 576/576/190 577/577/190 578/578/190
f 579/579/191 580/580/191 581/581/191
f 582/582/192 583/583/192 584/584/192
f 585/585/193 586/586/193 587/587/193
f 588/588/194 589/589/194 590/590/194
f 591/591/195 592/592/195 593/593/195
f 594/594/196 595/595/196 596/596/196
f 597/597/197 598/598/197 599/599/197
f 600/600/198 601/601/198 602/602/198
f 603/603/199 604/604/199 605/605/199
f 606/606/200 607/607/200 608/608/200
f 609/609/201 610/610/201 611/611/201
f 612/612/202 613/613/202 614/614/202
f 615/615/203 616/616/203 617/617/203
f 618/618/204 619/619/204 620/620/204
f 621/621/205 622/622/205 623/623/205
f 624/624/206 625/625/206 626/626/206
f 627/627/207 628/628/207 629/629/207
f 630/630/208 631/631/208 632/632/208
f 633/633/209 634/634/209 635/635/209
f 636/636/210 637/637/210 638/638/210
f 639/639/211 640/640/211 641/641/211
f 642/642/212 643/643/212 644/644/212
f 645/645/213 646/646/213 647/647/213
f 648/648/214 649/649/214 650/650/214
f 651/651/215 652/652/215 653/653/215
f 654/654/216 655/655/216 656/656/216
f 657/657/217 658/658/217 659/659/217
f 660/660/218 661/661/218 662/662/218
f 663/663/219 664/664/219 665/665/219
f 666/666/220 667/667/220 668/668/220
f 669/669/221 670/670/221 671/671/221
f 672/672/222 673/673/222 674/674/222
f 675/675/223 676/676/223 677/677/223
f 678/678/224 679/679/224 680/680/224
f 681/681/225 682/682/225 683/683/225
f 684/684/226 685/685/226 686/686/226
f 687/687/227 688/688/227 689/689/227
f 690/690/228 691/691/228 692/692/228
f 693/693/229 694/694/229 695/695/229
f 696/696/230 697/697/230 698/698/230
f 699/699/231 700/700/231 701/701/231
f 702/702/232 703/703/232 704/704/232
f 705/705/233 706/706/233 707/707/233
f 708/708/234 709/709/234 710/710/234
f 711/711/235 712/712/235 713/713/235
f 714/714/236 715/715/236 716/716/236
f 717/717/237 718/718/237 719/719/237
f 720/720/238 721/721/238 722/722/238
f 723/723/239 724/724/239 725/725/239
f 726/726/240 727/727/240 728/728/240
f 729/729/241 730/730/241 731/731/241
f 732/732/242 733/733/242 734/734/242
f 735/735/243 736/736/243 737/737/243
f 738/738/244 739/739/244 740/740/244
f 741/741/245 742/742/245 743/743/245
f 744/744/246 745/745/246 746/746/246
f 747/747/247 748/748/247 749/749/247
f 750/750/248 751/751/248 752/752/248
f 753/753/249 754/754/249 755/755/249
f 756/756/250 757/757/250 758/758/250
f 759/759/251 760/760/251 761/761/251 762/762/251
f 763/763/252 764/764/252 765/765/252 766/766/252
f 767/767/253 768/768/253 769/769/253 770/770/253
f 771/771/254 772/772/254 773/773/254 774/774/254
f 775/775/255 776/776/255 777/777/255 778/778/255
o dbkultimate-2024-12-21-22-56-01-640.006
v 0.026308 5.808273 -0.201462
v -0.142095 6.289633 -0.039970
v -0.182525 6.242504 -0.009034
v -0.182525 6.242504 -0.009034
v -0.142095 6.289633 -0.039970
v -0.346187 6.599580 0.291488
v -0.470769 6.377427 0.297994
v -0.462928 5.960882 0.449097
v -0.278231 6.269322 0.123161
v -0.278231 6.269322 0.123161
v -0.633533 5.990589 0.082748
v -0.470769 6.377427 0.297994
v -0.844667 6.336051 0.753240
v -0.462928 5.960882 0.449097
v -0.470769 6.377427 0.297994
v -0.470769 6.377427 0.297994
v -0.633533 5.990589 0.082748
v -0.844667 6.336051 0.753240
v -0.844667 6.336051 0.753240
v -0.633533 5.990589 0.082748
v -0.462928 5.960882 0.449097
v -0.278231 6.269322 0.123161
v -0.462928 5.960882 0.449097
v -0.118503 5.553524 0.190750
v 0.077535 5.967930 -0.133698
v -0.278231 6.269322 0.123161
v 0.077535 5.967930 -0.133698
v -0.400819 5.614090 -0.212573
v -0.633533 5.990589 0.082748
v -0.633533 5.990589 0.082748
v -0.400819 5.614090 -0.212573
v -0.118503 5.553524 0.190750
v -0.462928 5.960882 0.449097
v -0.342215 5.255835 0.044078
v -0.265816 5.824907 -0.087490
v -0.609570 5.880812 -0.051570
v -0.393202 5.317545 -0.376835
v -0.832086 5.531079 -0.139777
v -0.609570 5.880812 -0.051570
v -0.393202 5.317545 -0.376835
v -0.609570 5.880812 -0.051570
v -0.265816 5.824907 -0.087490
v -0.342215 5.255835 0.044078
v -0.609570 5.880812 -0.051570
v -0.751433 5.481863 0.108662
v -0.751433 5.481863 0.108662
v -0.908075 5.862273 0.042212
v -1.279290 5.718560 0.273091
v -0.832086 5.531079 -0.139777
v -0.751433 5.481863 0.108662
v -1.279290 5.718560 0.273091
v -0.908075 5.862273 0.042212
v -0.832086 5.531079 -0.139777
v -1.279290 5.718560 0.273091
v -0.751433 5.481863 0.108662
v -0.609570 5.880812 -0.051570
v -0.908075 5.862273 0.042212
v -0.609570 5.880812 -0.051570
v -0.832086 5.531079 -0.139777
v -0.908075 5.862273 0.042212
v -0.342215 5.255835 0.044078
v -0.751433 5.481863 0.108662
v -0.832086 5.531079 -0.139777
v -0.393202 5.317545 -0.376835
v 0.051785 5.606482 0.075654
v 0.681437 5.725704 -0.028253
v 0.181588 5.337733 -0.456504
v 0.181588 5.337733 -0.456504
v 0.681437 5.725704 -0.028253
v 0.701414 5.536517 -0.362458
v 0.210395 5.073197 -0.138864
v 0.717666 5.387786 -0.075990
v 0.051785 5.606482 0.075654
v 0.181588 5.337733 -0.456504
v 0.701414 5.536517 -0.362458
v 0.717666 5.387786 -0.075990
v 0.264499 5.588730 -0.035080
v 0.649027 5.762339 -0.046080
v 0.623832 5.786572 -0.079996
v 0.623832 5.786572 -0.079996
v 0.649027 5.762339 -0.046080
v 0.984031 5.886848 -0.124469
v 0.701414 5.536517 -0.362458
v 0.681437 5.725704 -0.028253
v 1.193123 5.597968 -0.118355
v 0.681437 5.725704 -0.028253
v 0.717666 5.387786 -0.075990
v 1.193123 5.597968 -0.118355
v 1.193123 5.597968 -0.118355
v 0.717666 5.387786 -0.075990
v 0.701414 5.536517 -0.362458
v 0.051785 5.606482 0.075654
v 0.717666 5.387786 -0.075990
v 0.681437 5.725704 -0.028253
v 0.181588 5.337733 -0.456504
v 0.717666 5.387786 -0.075990
v 0.210395 5.073197 -0.138864
v 0.190145 5.832127 0.175170
v -0.051344 6.072927 0.497084
v -0.047300 6.026578 0.515096
v -0.047300 6.026578 0.515096
v -0.051344 6.072927 0.497084
v -0.283351 6.124830 0.904850
v -0.298061 5.799176 0.762060
v -0.047478 5.551816 0.569850
v -0.095614 5.951499 0.521048
v -0.095614 5.951499 0.521048
v -0.332094 5.634386 0.361157
v -0.298061 5.799176 0.762060
v -0.183964 5.519295 0.711012
v -0.047478 5.551816 0.569850
v -0.298061 5.799176 0.762060
v -0.298061 5.799176 0.762060
v -0.332094 5.634386 0.361157
v -0.396695 5.579045 0.559276
v -0.398167 5.382862 0.916844
v -0.183964 5.519295 0.711012
v -0.298061 5.799176 0.762060
v -0.398167 5.382862 0.916844
v -0.396695 5.579045 0.559276
v -0.183964 5.519295 0.711012
v -0.298061 5.799176 0.762060
v -0.396695 5.579045 0.559276
v -0.398167 5.382862 0.916844
v -0.095614 5.951499 0.521048
v -0.047478 5.551816 0.569850
v 0.121534 5.458026 0.382795
v 0.103749 5.911084 0.281460
v -0.095614 5.951499 0.521048
v 0.103749 5.911084 0.281460
v -0.210072 5.571327 0.103647
v -0.332094 5.634386 0.361157
v -0.332094 5.634386 0.361157
v -0.210072 5.571327 0.103647
v 0.121534 5.458026 0.382795
v -0.047478 5.551816 0.569850
v -0.396695 5.579045 0.559276
v -0.332094 5.634386 0.361157
v -0.047478 5.551816 0.569850
v -0.183964 5.519295 0.711012
v 0.212374 5.465936 0.119157
v 0.171240 5.905386 0.087201
v 0.217993 6.028224 0.304259
v -0.041351 5.509980 0.191914
v 0.154796 5.791830 0.658391
v 0.217993 6.028224 0.304259
v 0.327974 5.758148 0.610417
v 0.286459 6.047991 0.586154
v 0.387455 5.916036 0.960394
v 0.154796 5.791830 0.658391
v 0.327974 5.758148 0.610417
v 0.387455 5.916036 0.960394
v 0.286459 6.047991 0.586154
v 0.154796 5.791830 0.658391
v 0.387455 5.916036 0.960394
v 0.154796 5.791830 0.658391
v 0.286459 6.047991 0.586154
v 0.217993 6.028224 0.304259
v 0.212374 5.465936 0.119157
v 0.217993 6.028224 0.304259
v 0.327974 5.758148 0.610417
v 0.327974 5.758148 0.610417
v 0.217993 6.028224 0.304259
v 0.286459 6.047991 0.586154
v -0.041351 5.509980 0.191914
v 0.217993 6.028224 0.304259
v 0.171240 5.905386 0.087201
v 0.212374 5.465936 0.119157
v 0.327974 5.758148 0.610417
v 0.154796 5.791830 0.658391
v -0.041351 5.509980 0.191914
v 0.378779 5.954182 -0.217311
v -0.005482 6.105095 -0.083972
v 0.315195 5.942841 0.136500
v -0.005482 6.105095 -0.083972
v 0.378779 5.954182 -0.217311
v -0.001762 6.030380 -0.390161
v 0.378779 5.954182 -0.217311
v 0.345369 5.777057 -0.462005
v -0.001762 6.030380 -0.390161
v 0.008230 5.305515 -0.601276
v 0.003310 5.747263 -0.606321
v 0.323782 5.322312 -0.462865
v 0.378779 5.954182 -0.217311
v 0.315195 5.942841 0.136500
v 0.488064 5.736508 -0.203451
v 0.315195 5.942841 0.136500
v -0.005482 6.105095 -0.083972
v -0.007269 6.000156 0.254343
v 0.378779 5.954182 -0.217311
v 0.488064 5.736508 -0.203451
v 0.345369 5.777057 -0.462005
v 0.345369 5.777057 -0.462005
v 0.456913 5.331519 -0.260838
v 0.323782 5.322312 -0.462865
v 0.488064 5.736508 -0.203451
v 0.468722 5.547448 0.011151
v 0.456913 5.331519 -0.260838
v 0.323782 5.322312 -0.462865
v 0.009422 5.006341 -0.341071
v 0.008230 5.305515 -0.601276
v 0.345369 5.777057 -0.462005
v 0.003310 5.747263 -0.606321
v -0.001762 6.030380 -0.390161
v 0.488064 5.736508 -0.203451
v 0.315195 5.942841 0.136500
v 0.468722 5.547448 0.011151
v 0.315195 5.942841 0.136500
v 0.290936 5.701546 0.315735
v 0.468722 5.547448 0.011151
v -0.023360 5.711544 0.441862
v 0.290936 5.701546 0.315735
v -0.007269 6.000156 0.254343
v 0.456913 5.331519 -0.260838
v 0.468722 5.547448 0.011151
v 0.432730 5.356959 0.103137
v -0.383731 5.946036 -0.224000
v -0.326134 5.935993 0.131110
v -0.005482 6.105095 -0.083972
v -0.005482 6.105095 -0.083972
v -0.001762 6.030380 -0.390161
v -0.383731 5.946036 -0.224000
v -0.383731 5.946036 -0.224000
v -0.001762 6.030380 -0.390161
v -0.341897 5.769537 -0.467712
v -0.383731 5.946036 -0.224000
v -0.488468 5.726014 -0.211848
v -0.326134 5.935993 0.131110
v -0.326134 5.935993 0.131110
v -0.007269 6.000156 0.254343
v -0.005482 6.105095 -0.083972
v -0.383731 5.946036 -0.224000
v -0.341897 5.769537 -0.467712
v -0.488468 5.726014 -0.211848
v -0.310218 5.315498 -0.468276
v -0.447060 5.321685 -0.268740
v -0.341897 5.769537 -0.467712
v -0.488468 5.726014 -0.211848
v -0.447060 5.321685 -0.268740
v -0.468477 5.537328 0.003112
v 0.008230 5.305515 -0.601276
v 0.009422 5.006341 -0.341071
v -0.310218 5.315498 -0.468276
v 0.008230 5.305515 -0.601276
v -0.310218 5.315498 -0.468276
v 0.003310 5.747263 -0.606321
v -0.341897 5.769537 -0.467712
v -0.001762 6.030380 -0.390161
v 0.003310 5.747263 -0.606321
v -0.488468 5.726014 -0.211848
v -0.468477 5.537328 0.003112
v -0.326134 5.935993 0.131110
v -0.326134 5.935993 0.131110
v -0.468477 5.537328 0.003112
v -0.299826 5.694994 0.310682
v -0.023360 5.711544 0.441862
v -0.007269 6.000156 0.254343
v -0.299826 5.694994 0.310682
v 0.003310 5.747263 -0.606321
v -0.310218 5.315498 -0.468276
v -0.341897 5.769537 -0.467712
v 0.323782 5.322312 -0.462865
v 0.003310 5.747263 -0.606321
v 0.345369 5.777057 -0.462005
v -0.007269 6.000156 0.254343
v 0.290936 5.701546 0.315735
v 0.315195 5.942841 0.136500
v -0.299826 5.694994 0.310682
v -0.007269 6.000156 0.254343
v -0.326134 5.935993 0.131110
v 0.488064 5.736508 -0.203451
v 0.456913 5.331519 -0.260838
v 0.345369 5.777057 -0.462005
v -0.341897 5.769537 -0.467712
v -0.447060 5.321685 -0.268740
v -0.488468 5.726014 -0.211848
v -0.447060 5.321685 -0.268740
v -0.209379 4.973601 -0.176156
v -0.430194 5.347715 0.095816
v 0.009422 5.006341 -0.341071
v 0.323782 5.322312 -0.462865
v 0.219772 4.982827 -0.154267
v -0.310218 5.315498 -0.468276
v -0.209379 4.973601 -0.176156
v -0.447060 5.321685 -0.268740
v -0.447060 5.321685 -0.268740
v -0.430194 5.347715 0.095816
v -0.468477 5.537328 0.003112
v 0.468722 5.547448 0.011151
v 0.290936 5.701546 0.315735
v 0.319186 5.519794 0.326903
v -0.324095 5.513003 0.321512
v -0.468477 5.537328 0.003112
v -0.430194 5.347715 0.095816
v -0.310218 5.315498 -0.468276
v 0.009422 5.006341 -0.341071
v -0.209379 4.973601 -0.176156
v 0.219772 4.982827 -0.154267
v 0.456913 5.331519 -0.260838
v 0.432730 5.356959 0.103137
v 0.219772 4.982827 -0.154267
v 0.323782 5.322312 -0.462865
v 0.456913 5.331519 -0.260838
v 0.468722 5.547448 0.011151
v 0.319186 5.519794 0.326903
v 0.432730 5.356959 0.103137
v -0.299826 5.694994 0.310682
v -0.468477 5.537328 0.003112
v -0.324095 5.513003 0.321512
v 0.290936 5.701546 0.315735
v -0.023360 5.711544 0.441862
v -0.004299 5.567051 0.472340
v 0.319186 5.519794 0.326903
v -0.023360 5.711544 0.441862
v -0.299826 5.694994 0.310682
v -0.324095 5.513003 0.321512
v -0.004299 5.567051 0.472340
v 0.010054 5.232842 -1.069632
v -0.177839 5.332569 -0.341928
v 0.163019 5.328976 -0.338547
v 0.010054 5.232842 -1.069632
v 0.008422 4.962929 -0.207138
v -0.177839 5.332569 -0.341928
v 0.008422 4.962929 -0.207138
v 0.010054 5.232842 -1.069632
v 0.163019 5.328976 -0.338547
v 0.003835 5.220378 -0.029171
v -0.177839 5.332569 -0.341928
v 0.008422 4.962929 -0.207138
v -0.177839 5.332569 -0.341928
v 0.163019 5.328976 -0.338547
v 0.010054 5.232842 -1.069632
v 0.008422 4.962929 -0.207138
v 0.163019 5.328976 -0.338547
v 0.003835 5.220378 -0.029171
v 0.008422 4.962929 -0.207138
v -0.177839 5.332569 -0.341928
v 0.010054 5.232842 -1.069632
v 0.010054 5.232842 -1.069632
v 0.163019 5.328976 -0.338547
v 0.008422 4.962929 -0.207138
v -0.177839 5.332569 -0.341928
v 0.008422 4.962929 -0.207138
v 0.003835 5.220378 -0.029171
v 0.163019 5.328976 -0.338547
v -0.177839 5.332569 -0.341928
v 0.003835 5.220378 -0.029171
v 0.008422 4.962929 -0.207138
v 0.163019 5.328976 -0.338547
v 0.003835 5.220378 -0.029171
v 0.042567 5.370152 -0.305330
v 0.072369 5.233988 -0.024897
v -0.204316 4.979843 -0.162010
v 0.042567 5.370152 -0.305330
v -0.180911 5.429882 -0.497229
v -0.276188 5.429066 -0.025153
v 0.042567 5.370152 -0.305330
v -0.276188 5.429066 -0.025153
v 0.072369 5.233988 -0.024897
v -0.131942 5.374431 0.005731
v -0.358919 5.610295 -0.295426
v 0.048404 5.539673 -0.349824
v -0.131942 5.374431 0.005731
v -0.166228 5.175282 -0.362022
v -0.358919 5.610295 -0.295426
v -0.131942 5.374431 0.005731
v 0.048404 5.539673 -0.349824
v -0.166228 5.175282 -0.362022
v -0.276188 5.429066 -0.025153
v -1.021149 5.257763 -0.189903
v -0.204316 4.979843 -0.162010
v -0.180911 5.429882 -0.497229
v -1.021149 5.257763 -0.189903
v -0.276188 5.429066 -0.025153
v -0.204316 4.979843 -0.162010
v -1.021149 5.257763 -0.189903
v -0.180911 5.429882 -0.497229
v -0.276188 5.429066 -0.025153
v -0.204316 4.979843 -0.162010
v 0.072369 5.233988 -0.024897
v -0.358919 5.610295 -0.295426
v -0.166228 5.175282 -0.362022
v -0.268342 5.634571 -1.274148
v 0.048404 5.539673 -0.349824
v -0.358919 5.610295 -0.295426
v -0.268342 5.634571 -1.274148
v -0.166228 5.175282 -0.362022
v 0.048404 5.539673 -0.349824
v -0.268342 5.634571 -1.274148
v -0.180911 5.429882 -0.497229
v 0.042567 5.370152 -0.305330
v -0.204316 4.979843 -0.162010
v -0.032718 5.368088 -0.305941
v 0.219769 4.982709 -0.158422
v -0.064982 5.230965 -0.026003
v -0.032718 5.368088 -0.305941
v 0.279584 5.433393 -0.020553
v 0.192845 5.432202 -0.493958
v -0.032718 5.368088 -0.305941
v -0.064982 5.230965 -0.026003
v 0.279584 5.433393 -0.020553
v 0.135785 5.375790 0.008127
v 0.363224 5.616106 -0.289412
v -0.041544 5.537301 -0.350371
v 0.135785 5.375790 0.008127
v 0.181141 5.177342 -0.359152
v 0.363224 5.616106 -0.289412
v 0.135785 5.375790 0.008127
v -0.041544 5.537301 -0.350371
v 0.181141 5.177342 -0.359152
v 0.279584 5.433393 -0.020553
v 0.219769 4.982709 -0.158422
v 1.031309 5.218699 -0.173988
v 0.192845 5.432202 -0.493958
v 0.279584 5.433393 -0.020553
v 1.031309 5.218699 -0.173988
v 0.219769 4.982709 -0.158422
v 0.192845 5.432202 -0.493958
v 1.031309 5.218699 -0.173988
v 0.279584 5.433393 -0.020553
v -0.064982 5.230965 -0.026003
v 0.219769 4.982709 -0.158422
v 0.363224 5.616106 -0.289412
v 0.181141 5.177342 -0.359152
v 0.289871 5.638851 -1.269304
v -0.041544 5.537301 -0.350371
v 0.363224 5.616106 -0.289412
v 0.289871 5.638851 -1.269304
v 0.181141 5.177342 -0.359152
v -0.041544 5.537301 -0.350371
v 0.289871 5.638851 -1.269304
v 0.192845 5.432202 -0.493958
v 0.219769 4.982709 -0.158422
v -0.032718 5.368088 -0.305941
v -0.490075 5.491057 0.176069
v -0.486491 5.275331 0.241979
v -0.405156 5.343574 0.362020
v -0.405156 5.343574 0.362020
v -0.486491 5.275331 0.241979
v -0.395174 5.112446 0.298883
v -0.273585 5.681701 0.142188
v -0.490075 5.491057 0.176069
v -0.335441 5.568751 0.358083
v -0.490075 5.491057 0.176069
v -0.405156 5.343574 0.362020
v -0.335441 5.568751 0.358083
v -0.490075 5.491057 0.176069
v -0.324968 5.499578 0.212651
v -0.378117 5.298468 0.256104
v -0.490075 5.491057 0.176069
v -0.378117 5.298468 0.256104
v -0.486491 5.275331 0.241979
v -0.378117 5.298468 0.256104
v -0.395174 5.112446 0.298883
v -0.486491 5.275331 0.241979
v -0.273585 5.681701 0.142188
v -0.324968 5.499578 0.212651
v -0.490075 5.491057 0.176069
v -0.405156 5.343574 0.362020
v -0.395174 5.112446 0.298883
v -0.378117 5.298468 0.256104
v -0.324968 5.499578 0.212651
v -0.335441 5.568751 0.358083
v -0.405156 5.343574 0.362020
v -0.324968 5.499578 0.212651
v -0.405156 5.343574 0.362020
v -0.378117 5.298468 0.256104
v -0.273585 5.681701 0.142188
v -0.335441 5.568751 0.358083
v -0.324968 5.499578 0.212651
v -0.365106 5.360404 0.452595
v -0.222655 5.157991 0.491997
v -0.211910 5.370911 0.538784
v -0.136436 5.601031 0.509157
v -0.361519 5.579225 0.385171
v -0.365106 5.360404 0.452595
v -0.136436 5.601031 0.509157
v -0.365106 5.360404 0.452595
v -0.211910 5.370911 0.538784
v -0.172041 5.688144 0.265867
v -0.361519 5.579225 0.385171
v -0.136436 5.601031 0.509157
v -0.365106 5.360404 0.452595
v -0.242805 5.341137 0.437799
v -0.222655 5.157991 0.491997
v -0.199487 5.540130 0.358530
v -0.242805 5.341137 0.437799
v -0.365106 5.360404 0.452595
v -0.199487 5.540130 0.358530
v -0.365106 5.360404 0.452595
v -0.361519 5.579225 0.385171
v -0.172041 5.688144 0.265867
v -0.199487 5.540130 0.358530
v -0.361519 5.579225 0.385171
v -0.242805 5.341137 0.437799
v -0.211910 5.370911 0.538784
v -0.222655 5.157991 0.491997
v -0.136436 5.601031 0.509157
v -0.211910 5.370911 0.538784
v -0.242805 5.341137 0.437799
v -0.136436 5.601031 0.509157
v -0.242805 5.341137 0.437799
v -0.199487 5.540130 0.358530
v -0.172041 5.688144 0.265867
v -0.136436 5.601031 0.509157
v -0.199487 5.540130 0.358530
v 0.012928 5.673844 0.558046
v -0.050130 5.459339 0.638477
v 0.036615 5.409607 0.583301
v 0.012928 5.673844 0.558046
v 0.036615 5.409607 0.583301
v 0.168120 5.609146 0.438328
v -0.058120 5.155094 0.613639
v 0.036615 5.409607 0.583301
v -0.050130 5.459339 0.638477
v 0.026909 5.709972 0.395554
v 0.012928 5.673844 0.558046
v 0.168120 5.609146 0.438328
v 0.012833 5.167913 0.615281
v 0.090595 5.392639 0.592002
v 0.036615 5.409607 0.583301
v 0.090595 5.392639 0.592002
v 0.168120 5.609146 0.438328
v 0.036615 5.409607 0.583301
v 0.026909 5.709972 0.395554
v -0.112669 5.629249 0.463987
v 0.012928 5.673844 0.558046
v -0.112669 5.629249 0.463987
v -0.134481 5.413667 0.565239
v -0.050130 5.459339 0.638477
v -0.058120 5.155094 0.613639
v -0.050130 5.459339 0.638477
v -0.134481 5.413667 0.565239
v -0.112669 5.629249 0.463987
v -0.050130 5.459339 0.638477
v 0.012928 5.673844 0.558046
v -0.058120 5.155094 0.613639
v -0.134481 5.413667 0.565239
v 0.036615 5.409607 0.583301
v 0.168120 5.609146 0.438328
v -0.112669 5.629249 0.463987
v 0.026909 5.709972 0.395554
v -0.112669 5.629249 0.463987
v 0.168120 5.609146 0.438328
v 0.036615 5.409607 0.583301
v -0.112669 5.629249 0.463987
v 0.036615 5.409607 0.583301
v -0.134481 5.413667 0.565239
v 0.340984 5.555979 0.296480
v 0.180561 5.600081 0.476096
v 0.249351 5.435236 0.545236
v 0.340984 5.555979 0.296480
v 0.249351 5.435236 0.545236
v 0.381498 5.393051 0.397874
v 0.249351 5.435236 0.545236
v 0.279249 5.217226 0.599272
v 0.381498 5.393051 0.397874
v 0.138475 5.699634 0.238351
v 0.180561 5.600081 0.476096
v 0.340984 5.555979 0.296480
v 0.178250 5.527986 0.354723
v 0.272238 5.373089 0.458956
v 0.249351 5.435236 0.545236
v 0.178250 5.527986 0.354723
v 0.249351 5.435236 0.545236
v 0.180561 5.600081 0.476096
v 0.249351 5.435236 0.545236
v 0.272238 5.373089 0.458956
v 0.279249 5.217226 0.599272
v 0.138475 5.699634 0.238351
v 0.178250 5.527986 0.354723
v 0.180561 5.600081 0.476096
v 0.272238 5.373089 0.458956
v 0.381498 5.393051 0.397874
v 0.279249 5.217226 0.599272
v 0.340984 5.555979 0.296480
v 0.381498 5.393051 0.397874
v 0.272238 5.373089 0.458956
v 0.340984 5.555979 0.296480
v 0.272238 5.373089 0.458956
v 0.178250 5.527986 0.354723
v 0.138475 5.699634 0.238351
v 0.340984 5.555979 0.296480
v 0.178250 5.527986 0.354723
v 0.498881 5.491898 0.089455
v 0.404749 5.590687 0.307745
v 0.428224 5.378692 0.305149
v 0.498881 5.491898 0.089455
v 0.428224 5.378692 0.305149
v 0.480075 5.304506 0.186029
v 0.428224 5.378692 0.305149
v 0.403577 5.149418 0.288255
v 0.480075 5.304506 0.186029
v 0.353190 5.683544 0.096833
v 0.404749 5.590687 0.307745
v 0.498881 5.491898 0.089455
v 0.360142 5.483031 0.186402
v 0.398993 5.338801 0.226366
v 0.428224 5.378692 0.305149
v 0.360142 5.483031 0.186402
v 0.428224 5.378692 0.305149
v 0.404749 5.590687 0.307745
v 0.428224 5.378692 0.305149
v 0.398993 5.338801 0.226366
v 0.403577 5.149418 0.288255
v 0.353190 5.683544 0.096833
v 0.360142 5.483031 0.186402
v 0.404749 5.590687 0.307745
v 0.398993 5.338801 0.226366
v 0.480075 5.304506 0.186029
v 0.403577 5.149418 0.288255
v 0.498881 5.491898 0.089455
v 0.480075 5.304506 0.186029
v 0.398993 5.338801 0.226366
v 0.498881 5.491898 0.089455
v 0.398993 5.338801 0.226366
v 0.360142 5.483031 0.186402
v 0.353190 5.683544 0.096833
v 0.498881 5.491898 0.089455
v 0.360142 5.483031 0.186402
vn 0.6342 -0.0372 0.7722
vn 0.7350 -0.2066 0.6458
vn 0.7238 0.2473 0.6442
vn -0.3583 0.5645 -0.7436
vn 0.7389 0.2420 0.6289
vn -0.6661 0.5566 -0.4965
vn -0.5931 -0.7764 0.2132
vn 0.7136 0.2220 0.6645
vn -0.2418 0.4779 -0.8445
vn -0.6528 -0.6944 0.3027
vn 0.1348 0.2060 0.9692
vn -0.2786 0.3978 -0.8742
vn -0.0098 0.4972 -0.8676
vn 0.2916 0.2654 0.9190
vn 0.4090 0.3178 0.8554
vn -0.4200 -0.9065 -0.0432
vn -0.5833 0.2843 -0.7609
vn 0.2728 0.2735 0.9224
vn -0.2967 0.4067 -0.8640
vn -0.4742 -0.8789 -0.0524
vn -0.2392 0.8420 -0.4836
vn -0.2328 0.8403 -0.4896
vn 0.0989 -0.3459 0.9330
vn 0.3891 -0.8084 -0.4418
vn -0.2823 0.6689 0.6877
vn -0.1320 0.7575 0.6393
vn 0.1313 0.8661 -0.4824
vn 0.1421 -0.1235 0.9821
vn 0.3272 -0.8309 -0.4500
vn 0.1834 -0.1182 0.9759
vn 0.4779 -0.6532 -0.5873
vn 0.8551 0.2510 0.4537
vn 0.8547 0.2512 0.4543
vn 0.6995 0.1690 0.6944
vn -0.7324 0.6494 -0.2048
vn 0.6924 0.1537 0.7049
vn -0.8513 0.5068 -0.1360
vn 0.6448 0.1253 0.7540
vn 0.0961 -0.8728 -0.4785
vn -0.9467 0.2841 0.1520
vn 0.7717 0.1677 0.6135
vn -0.5298 0.6943 -0.4871
vn -0.3646 -0.9270 0.0884
vn -0.0659 -0.9558 -0.2865
vn 0.9658 0.0723 -0.2489
vn -0.8979 0.4229 0.1221
vn 0.9683 0.1204 -0.2189
vn -0.0601 -0.9060 0.4190
vn -0.7715 0.5055 0.3864
vn -0.8552 0.4885 0.1734
vn 0.9585 0.0804 -0.2734
vn 0.9631 0.1177 -0.2422
vn -0.8862 0.4583 -0.0685
vn -0.0098 -0.8563 0.5164
vn 0.3936 0.9138 0.1000
vn 0.2881 0.9311 -0.2237
vn 0.4029 0.7144 -0.5721
vn 0.4019 -0.0060 -0.9156
vn 0.8760 0.4507 0.1719
vn 0.2682 0.9197 0.2867
vn 0.8302 0.3915 -0.3968
vn 0.8352 -0.0386 -0.5486
vn 0.9966 -0.0795 0.0198
vn 0.3438 -0.6155 -0.7092
vn 0.2707 0.5873 -0.7628
vn 0.9155 0.2574 0.3093
vn 0.8869 0.2147 0.4091
vn 0.3362 0.4999 0.7982
vn 0.9858 -0.1496 0.0760
vn -0.4150 0.9051 0.0929
vn -0.3039 0.9247 -0.2293
vn -0.4081 0.7047 -0.5804
vn -0.8884 0.4316 0.1563
vn -0.2928 0.9137 0.2819
vn -0.8311 0.3728 -0.4127
vn -0.8242 -0.0568 -0.5635
vn -0.9948 -0.1023 0.0028
vn -0.3180 -0.6229 -0.7147
vn -0.3857 -0.0148 -0.9225
vn -0.2707 0.5811 -0.7675
vn -0.9262 0.2364 0.2937
vn -0.8987 0.1947 0.3930
vn -0.3921 0.5165 0.7613
vn -0.3739 -0.0249 -0.9271
vn 0.3899 -0.0168 -0.9207
vn 0.3727 0.5289 0.7625
vn -0.3969 0.5202 0.7562
vn 0.8756 0.0011 -0.4831
vn -0.8662 -0.0184 -0.4993
vn -0.8328 -0.5480 0.0777
vn 0.4479 -0.6726 -0.5890
vn -0.6787 -0.5824 -0.4474
vn -0.9837 -0.1704 0.0577
vn 0.8858 0.1643 0.4339
vn -0.9100 0.0187 0.4141
vn -0.3851 -0.6625 -0.6425
vn 0.8363 -0.5402 0.0933
vn 0.6837 -0.5944 -0.4234
vn 0.9019 0.0374 0.4304
vn -0.8970 0.1445 0.4178
vn 0.3990 0.1728 0.9005
vn -0.4360 0.1198 0.8919
vn 0.0118 0.9911 -0.1328
vn -0.8585 -0.4890 -0.1546
vn 0.8954 -0.4254 -0.1314
vn -0.8688 -0.2919 0.3999
vn 0.8946 -0.2432 0.3749
vn 0.0066 0.9425 0.3342
vn 0.7215 -0.5897 -0.3630
vn 0.2207 0.9742 0.0462
vn 0.4576 0.8180 0.3486
vn -0.2123 -0.8406 -0.4983
vn 0.8511 0.4243 -0.3091
vn -0.8425 0.5027 -0.1937
vn -0.1372 -0.3087 0.9412
vn -0.2151 0.9757 -0.0417
vn -0.1712 -0.5828 -0.7944
vn -0.1756 -0.3125 0.9335
vn 0.9155 0.3911 0.0944
vn -0.1760 -0.9836 -0.0407
vn -0.8185 0.4711 0.3288
vn 0.4567 -0.5466 -0.7019
vn -0.7020 -0.6042 -0.3769
vn -0.2409 0.9697 0.0417
vn -0.4803 0.8083 0.3406
vn -0.2373 0.8364 0.4942
vn 0.8541 -0.4061 0.3249
vn -0.8348 -0.5208 0.1783
vn 0.1065 -0.3038 0.9468
vn 0.2646 0.9630 -0.0509
vn 0.1548 -0.5850 -0.7961
vn 0.1665 -0.3086 0.9365
vn 0.9251 -0.3715 -0.0779
vn -0.1964 0.9798 0.0374
vn -0.8024 -0.4881 -0.3433
vn -0.4335 -0.5556 -0.7095
vn -0.8547 0.1386 0.5003
vn -0.7529 -0.2035 0.6258
vn -0.6268 0.7496 0.2126
vn -0.7879 0.2537 0.5611
vn 0.2216 -0.2615 -0.9394
vn 0.1834 -0.2845 -0.9410
vn 0.1749 -0.2359 -0.9559
vn 0.2177 -0.4050 -0.8880
vn 0.9655 -0.0290 0.2588
vn 0.9363 -0.2863 0.2036
vn 0.9325 -0.1786 0.3141
vn 0.9638 -0.2070 0.1679
vn -0.4749 -0.1660 0.8643
vn -0.4848 0.2648 0.8336
vn -0.4864 0.2666 0.8321
vn -0.2843 0.8887 0.3598
vn -0.1606 -0.2963 -0.9415
vn -0.1649 -0.3338 -0.9281
vn -0.2219 -0.2838 -0.9329
vn -0.2537 -0.4790 -0.8403
vn 0.9547 0.0171 -0.2971
vn 0.9261 -0.3278 -0.1867
vn 0.9164 -0.3034 -0.2609
vn 0.9118 -0.3256 -0.2500
vn 0.5838 0.1289 0.8016
vn 0.6390 0.1297 0.7582
vn 0.5003 -0.0835 0.8618
vn 0.5192 0.8238 0.2278
vn -0.1141 0.1413 0.9834
vn 0.0458 0.5673 0.8223
vn -0.4344 0.8865 0.1597
vn -0.7151 0.3551 0.6021
vn -0.6407 -0.0457 0.7664
vn -0.6342 0.4279 0.6440
vn 0.1001 -0.1544 -0.9829
vn -0.1146 -0.5196 -0.8467
vn -0.1148 -0.5333 -0.8381
vn 0.0846 -0.4306 -0.8986
vn 0.7020 0.5040 0.5032
vn 0.7143 0.4891 0.5005
vn 0.7551 0.2534 0.6046
vn 0.5101 0.8218 0.2538
vn -0.8794 -0.4651 0.1018
vn -0.9313 -0.3052 0.1990
vn -0.9761 -0.1680 -0.1379
vn -0.9821 -0.1532 0.1097
vn -0.2770 -0.6497 -0.7079
vn -0.3256 -0.5566 -0.7643
vn -0.1683 -0.6186 -0.7675
vn -0.1841 -0.5804 -0.7932
vn 0.9292 0.0985 0.3561
vn 0.9322 0.0875 0.3513
vn 0.8776 -0.1284 0.4619
vn 0.7954 0.6020 0.0706
vn -0.9056 -0.1323 0.4030
vn -0.8997 -0.1048 0.4237
vn -0.9470 0.0789 0.3114
vn -0.9578 0.0889 0.2733
vn -0.5193 -0.2768 -0.8085
vn -0.5310 -0.3455 -0.7737
vn -0.5200 -0.3553 -0.7767
vn -0.5178 -0.3638 -0.7743
vt -0.005859 0.621094
vt 0.100586 0.644531
vt 0.100586 0.621094
vt 0.100586 0.621094
vt 0.100586 0.644531
vt 0.237305 0.621094
vt 0.169434 0.957031
vt 0.062500 0.871094
vt 0.046875 0.996094
vt 0.046875 0.996094
vt 0.062500 0.871094
vt 0.169434 0.957031
vt 0.253906 0.871094
vt 0.062500 0.871094
vt 0.169434 0.957031
vt 0.169434 0.957031
vt 0.062500 0.871094
vt 0.253906 0.871094
vt 0.237305 0.675781
vt 0.089355 0.652344
vt 0.089355 0.699219
vt 0.046875 0.996094
vt 0.062500 0.871094
vt 0.011568 0.871094
vt 0.011568 0.996094
vt 0.046875 0.996094
vt 0.011568 0.996094
vt 0.011568 0.871094
vt 0.062500 0.871094
vt 0.089355 0.652344
vt 0.031738 0.652344
vt 0.031738 0.699219
vt 0.089355 0.699219
vt 0.011568 0.871094
vt 0.011568 0.996094
vt 0.046875 0.996094
vt 0.011568 0.871094
vt 0.062500 0.871094
vt 0.046875 0.996094
vt 0.011568 0.871094
vt 0.046875 0.996094
vt 0.011568 0.996094
vt 0.011568 0.871094
vt 0.046875 0.996094
vt 0.062500 0.871094
vt 0.062500 0.871094
vt 0.169434 0.957031
vt 0.253906 0.871094
vt 0.089355 0.652344
vt 0.089355 0.699219
vt 0.237305 0.675781
vt 0.169434 0.957031
vt 0.062500 0.871094
vt 0.253906 0.871094
vt 0.062500 0.871094
vt 0.046875 0.996094
vt 0.169434 0.957031
vt 0.046875 0.996094
vt 0.062500 0.871094
vt 0.169434 0.957031
vt 0.031738 0.699219
vt 0.089355 0.699219
vt 0.089355 0.652344
vt 0.031738 0.652344
vt 0.011568 0.996094
vt 0.117676 0.996094
vt 0.011568 0.871094
vt -0.056641 0.871094
vt 0.117676 0.996094
vt 0.117676 0.871094
vt 0.011568 0.871094
vt 0.117676 0.871094
vt 0.011568 0.996094
vt 0.031738 0.699219
vt 0.089355 0.699219
vt 0.089355 0.652344
vt -0.005859 0.621094
vt 0.100586 0.644531
vt 0.100586 0.621094
vt 0.100586 0.621094
vt 0.100586 0.644531
vt 0.237305 0.621094
vt 0.117676 0.871094
vt 0.117676 0.996094
vt 0.253906 0.871094
vt 0.117676 0.996094
vt 0.117676 0.871094
vt 0.253906 0.871094
vt 0.237305 0.675781
vt 0.089355 0.652344
vt 0.089355 0.699219
vt -0.056641 0.996094
vt 0.117676 0.871094
vt 0.117676 0.996094
vt 0.031738 0.699219
vt 0.089355 0.652344
vt 0.031738 0.652344
vt -0.033691 0.621094
vt 0.098633 0.621094
vt 0.098633 0.644531
vt 0.098633 0.644531
vt 0.098633 0.621094
vt 0.239258 0.621094
vt 0.173340 0.957031
vt 0.035645 0.871094
vt 0.059082 0.996094
vt 0.059082 0.996094
vt 0.035645 0.871094
vt 0.173340 0.957031
vt 0.142090 0.871094
vt 0.035645 0.871094
vt 0.173340 0.957031
vt 0.173340 0.957031
vt 0.035645 0.871094
vt 0.142090 0.871094
vt 0.246094 0.871094
vt 0.142090 0.871094
vt 0.173340 0.957031
vt 0.239258 0.675781
vt 0.087891 0.652344
vt 0.087891 0.699219
vt 0.173340 0.957031
vt 0.142090 0.871094
vt 0.246094 0.871094
vt 0.059082 0.996094
vt 0.035645 0.871094
vt 0.018892 0.871094
vt 0.018892 0.996094
vt 0.059082 0.996094
vt 0.018892 0.996094
vt 0.018892 0.871094
vt 0.035645 0.871094
vt 0.009766 0.652344
vt 0.003906 0.652344
vt 0.003906 0.699219
vt 0.009766 0.699219
vt 0.087891 0.652344
vt 0.009766 0.652344
vt 0.009766 0.699219
vt 0.087891 0.699219
vt 0.018892 0.871094
vt 0.018892 0.996094
vt 0.059082 0.996094
vt 0.018892 0.871094
vt 0.074707 0.871094
vt 0.059082 0.996094
vt 0.074707 0.871094
vt 0.173340 0.957031
vt 0.246094 0.871094
vt 0.087891 0.652344
vt 0.087891 0.699219
vt 0.239258 0.675781
vt 0.173340 0.957031
vt 0.074707 0.871094
vt 0.246094 0.871094
vt 0.074707 0.871094
vt 0.173340 0.957031
vt 0.059082 0.996094
vt 0.018892 0.871094
vt 0.059082 0.996094
vt 0.074707 0.871094
vt 0.074707 0.871094
vt 0.059082 0.996094
vt 0.173340 0.957031
vt 0.018892 0.871094
vt 0.059082 0.996094
vt 0.018892 0.996094
vt 0.003906 0.699219
vt 0.087891 0.699219
vt 0.087891 0.652344
vt 0.003906 0.652344
vt 0.026767 0.940478
vt 0.032258 0.931326
vt 0.041410 0.940478
vt 0.032258 0.931326
vt 0.026767 0.940478
vt 0.010295 0.931326
vt 0.026767 0.940478
vt 0.017616 0.955120
vt 0.010295 0.931326
vt 0.010295 0.969648
vt 0.010295 0.955120
vt 0.017616 0.969648
vt 0.026767 0.940478
vt 0.041410 0.940478
vt 0.028598 0.955120
vt 0.041410 0.940478
vt 0.032258 0.931326
vt 0.041410 0.931326
vt 0.026767 0.940478
vt 0.028598 0.955120
vt 0.017616 0.955120
vt 0.017616 0.955120
vt 0.028598 0.969648
vt 0.017616 0.969648
vt 0.028598 0.955120
vt 0.041410 0.953290
vt 0.028598 0.969648
vt 0.017616 0.969648
vt 0.010295 0.976969
vt 0.010295 0.969648
vt 0.017616 0.955120
vt 0.010295 0.955120
vt 0.010295 0.931326
vt 0.028598 0.955120
vt 0.041410 0.940478
vt 0.041410 0.953290
vt 0.014648 0.912109
vt 0.045898 0.912109
vt 0.014648 0.966797
vt 0.045898 0.873047
vt 0.045898 0.912109
vt 0.014648 0.873047
vt 0.028598 0.969648
vt 0.041410 0.953290
vt 0.045070 0.962327
vt 0.026767 0.940478
vt 0.041410 0.940478
vt 0.032258 0.931326
vt 0.032258 0.931326
vt 0.010295 0.931326
vt 0.026767 0.940478
vt 0.026767 0.940478
vt 0.010295 0.931326
vt 0.017616 0.955120
vt 0.026767 0.940478
vt 0.028598 0.955120
vt 0.041410 0.940478
vt 0.041410 0.940478
vt 0.041410 0.931326
vt 0.032258 0.931326
vt 0.026767 0.940478
vt 0.017616 0.955120
vt 0.028598 0.955120
vt 0.017616 0.969648
vt 0.028598 0.969648
vt 0.017616 0.955120
vt 0.028598 0.955120
vt 0.028598 0.969648
vt 0.041410 0.953290
vt 0.010295 0.969648
vt 0.010295 0.976969
vt 0.017616 0.969648
vt 0.010295 0.969648
vt 0.017616 0.969648
vt 0.010295 0.955120
vt 0.017616 0.955120
vt 0.010295 0.931326
vt 0.010295 0.955120
vt 0.028598 0.955120
vt 0.041410 0.953290
vt 0.041410 0.940478
vt 0.014648 0.912109
vt 0.014648 0.966797
vt 0.045898 0.912109
vt 0.045898 0.873047
vt 0.014648 0.873047
vt 0.045898 0.912109
vt 0.010295 0.955120
vt 0.017616 0.969648
vt 0.017616 0.955120
vt 0.017616 0.969648
vt 0.010295 0.955120
vt 0.017616 0.955120
vt 0.014648 0.873047
vt 0.045898 0.912109
vt 0.014648 0.912109
vt 0.045898 0.912109
vt 0.014648 0.873047
vt 0.014648 0.912109
vt 0.028598 0.955120
vt 0.028598 0.969648
vt 0.017616 0.955120
vt 0.017616 0.955120
vt 0.028598 0.969648
vt 0.028598 0.955120
vt 0.028598 0.969648
vt 0.032258 0.976969
vt 0.045070 0.962327
vt 0.010295 0.976969
vt 0.017616 0.969648
vt 0.032258 0.976969
vt 0.017616 0.969648
vt 0.032258 0.976969
vt 0.028598 0.969648
vt 0.028598 0.969648
vt 0.045070 0.962327
vt 0.041410 0.953290
vt 0.014648 0.966797
vt 0.045898 0.912109
vt 0.077148 0.912109
vt 0.077148 0.912109
vt 0.014648 0.966797
vt 0.030273 1.005371
vt 0.017616 0.969648
vt 0.010295 0.976969
vt 0.032258 0.976969
vt 0.032258 0.976969
vt 0.028598 0.969648
vt 0.045070 0.962327
vt 0.032258 0.976969
vt 0.017616 0.969648
vt 0.028598 0.969648
vt 0.014648 0.966797
vt 0.077148 0.912109
vt 0.030273 1.005371
vt 0.045898 0.912109
vt 0.014648 0.966797
vt 0.077148 0.912109
vt 0.045898 0.912109
vt 0.045898 0.873047
vt 0.077148 0.873047
vt 0.077148 0.912109
vt 0.045898 0.873047
vt 0.045898 0.912109
vt 0.077148 0.912109
vt 0.077148 0.873047
vt 0.207031 0.677246
vt -0.022461 0.714844
vt -0.022461 0.644531
vt 0.207031 0.769531
vt -0.001465 0.878906
vt -0.001465 0.769531
vt -0.001465 0.878906
vt 0.207031 0.769531
vt -0.001465 0.769531
vt -0.091309 0.814453
vt -0.001465 0.769531
vt -0.001465 0.878906
vt -0.022461 0.714844
vt -0.022461 0.644531
vt 0.207031 0.677246
vt -0.001465 0.878906
vt -0.001465 0.769531
vt -0.091309 0.814453
vt -0.001465 0.878906
vt -0.001465 0.769531
vt 0.207031 0.769531
vt 0.207031 0.769531
vt -0.001465 0.769531
vt -0.001465 0.878906
vt -0.001465 0.769531
vt -0.001465 0.878906
vt -0.091309 0.814453
vt -0.022461 0.644531
vt -0.022461 0.714844
vt -0.119141 0.677246
vt -0.001465 0.878906
vt -0.001465 0.769531
vt -0.091309 0.814453
vt -0.006836 0.832031
vt -0.014648 0.769531
vt 0.070801 0.769531
vt -0.006836 0.832031
vt 0.070801 0.863281
vt 0.070801 0.769531
vt -0.006836 0.832031
vt 0.070801 0.769531
vt -0.014648 0.769531
vt -0.017090 0.738281
vt 0.045410 0.707031
vt 0.045410 0.761719
vt -0.006836 0.832031
vt 0.070801 0.769531
vt 0.070801 0.863281
vt -0.006836 0.832031
vt 0.070801 0.863281
vt 0.070801 0.769531
vt 0.045410 0.761719
vt 0.230957 0.738281
vt 0.045410 0.707031
vt 0.070801 0.863281
vt 0.230957 0.769531
vt 0.070801 0.769531
vt 0.070801 0.769531
vt 0.230957 0.769531
vt 0.070801 0.863281
vt 0.045410 0.761719
vt 0.045410 0.707031
vt -0.017090 0.738281
vt 0.070801 0.863281
vt 0.070801 0.769531
vt 0.230957 0.769531
vt 0.045410 0.761719
vt 0.045410 0.707031
vt 0.230957 0.738281
vt 0.070801 0.769531
vt 0.070801 0.863281
vt 0.230957 0.769531
vt 0.070801 0.863281
vt -0.006836 0.832031
vt 0.070801 0.769531
vt -0.006836 0.832031
vt 0.070801 0.769531
vt -0.014648 0.769531
vt -0.006836 0.832031
vt 0.070801 0.769531
vt 0.070801 0.863281
vt -0.006836 0.832031
vt -0.014648 0.769531
vt 0.070801 0.769531
vt -0.017090 0.738281
vt 0.045410 0.707031
vt 0.045410 0.761719
vt -0.006836 0.832031
vt 0.070801 0.769531
vt 0.070801 0.863281
vt -0.006836 0.832031
vt 0.070801 0.863281
vt 0.070801 0.769531
vt 0.045410 0.761719
vt 0.045410 0.707031
vt 0.230957 0.738281
vt 0.070801 0.863281
vt 0.070801 0.769531
vt 0.230957 0.769531
vt 0.070801 0.769531
vt 0.070801 0.863281
vt 0.230957 0.769531
vt 0.045410 0.761719
vt -0.017090 0.738281
vt 0.045410 0.707031
vt 0.070801 0.863281
vt 0.070801 0.769531
vt 0.230957 0.769531
vt 0.045410 0.761719
vt 0.045410 0.707031
vt 0.230957 0.738281
vt 0.070801 0.769531
vt 0.070801 0.863281
vt 0.230957 0.769531
vt 0.070801 0.863281
vt 0.070801 0.769531
vt -0.006836 0.832031
vt 0.074219 0.503906
vt 0.190918 0.503906
vt 0.190918 0.613281
vt 0.190918 0.613281
vt 0.190918 0.503906
vt 0.269531 0.550781
vt -0.019531 0.558594
vt 0.074219 0.503906
vt 0.074219 0.613281
vt 0.074219 0.503906
vt 0.190918 0.613281
vt 0.074219 0.613281
vt 0.074219 0.503906
vt 0.074219 0.558594
vt 0.190918 0.558594
vt 0.074219 0.503906
vt 0.190918 0.558594
vt 0.190918 0.503906
vt 0.190918 0.558594
vt 0.269531 0.550781
vt 0.190918 0.503906
vt -0.019531 0.558594
vt 0.074219 0.558594
vt 0.074219 0.503906
vt 0.190918 0.613281
vt 0.269531 0.550781
vt 0.190918 0.558594
vt 0.074219 0.558594
vt 0.074219 0.613281
vt 0.190918 0.613281
vt 0.074219 0.558594
vt 0.190918 0.613281
vt 0.190918 0.558594
vt -0.019531 0.558594
vt 0.074219 0.613281
vt 0.074219 0.558594
vt 0.190918 0.503906
vt 0.269531 0.550781
vt 0.190918 0.613281
vt 0.074219 0.613281
vt 0.074219 0.503906
vt 0.190918 0.503906
vt 0.074219 0.613281
vt 0.190918 0.503906
vt 0.190918 0.613281
vt -0.019531 0.558594
vt 0.074219 0.503906
vt 0.074219 0.613281
vt 0.190918 0.503906
vt 0.190918 0.558594
vt 0.269531 0.550781
vt 0.074219 0.558594
vt 0.190918 0.558594
vt 0.190918 0.503906
vt 0.074219 0.558594
vt 0.190918 0.503906
vt 0.074219 0.503906
vt -0.019531 0.558594
vt 0.074219 0.558594
vt 0.074219 0.503906
vt 0.190918 0.558594
vt 0.190918 0.613281
vt 0.269531 0.550781
vt 0.074219 0.613281
vt 0.190918 0.613281
vt 0.190918 0.558594
vt 0.074219 0.613281
vt 0.190918 0.558594
vt 0.074219 0.558594
vt -0.019531 0.558594
vt 0.074219 0.613281
vt 0.074219 0.558594
vt 0.074219 0.558594
vt 0.190918 0.558594
vt 0.190918 0.613281
vt 0.074219 0.558594
vt 0.190918 0.613281
vt 0.074219 0.613281
vt 0.269531 0.550781
vt 0.190918 0.613281
vt 0.190918 0.558594
vt -0.019531 0.558594
vt 0.074219 0.558594
vt 0.074219 0.613281
vt 0.269531 0.621094
vt 0.128906 0.644531
vt 0.128906 0.621094
vt 0.128906 0.644531
vt -0.003906 0.621094
vt 0.128906 0.621094
vt -0.019531 0.558594
vt 0.074219 0.503906
vt 0.074219 0.558594
vt 0.074219 0.503906
vt 0.190918 0.503906
vt 0.190918 0.558594
vt 0.269531 0.550781
vt 0.190918 0.558594
vt 0.190918 0.503906
vt 0.074219 0.503906
vt 0.190918 0.558594
vt 0.074219 0.558594
vt 0.269531 0.550781
vt 0.190918 0.503906
vt 0.190918 0.613281
vt 0.074219 0.613281
vt 0.074219 0.503906
vt -0.019531 0.558594
vt 0.074219 0.503906
vt 0.074219 0.613281
vt 0.190918 0.613281
vt 0.074219 0.503906
vt 0.190918 0.613281
vt 0.190918 0.503906
vt 0.074219 0.613281
vt 0.074219 0.503906
vt 0.191406 0.519531
vt 0.074219 0.613281
vt 0.191406 0.519531
vt 0.190918 0.597656
vt 0.191406 0.519531
vt 0.269531 0.550781
vt 0.190918 0.597656
vt -0.019531 0.558594
vt 0.074219 0.503906
vt 0.074219 0.613281
vt 0.074219 0.558594
vt 0.190918 0.558594
vt 0.191406 0.519531
vt 0.074219 0.558594
vt 0.191406 0.519531
vt 0.074219 0.503906
vt 0.191406 0.519531
vt 0.190918 0.558594
vt 0.269531 0.550781
vt -0.019531 0.558594
vt 0.074219 0.558594
vt 0.074219 0.503906
vt 0.190918 0.558594
vt 0.190918 0.597656
vt 0.269531 0.550781
vt 0.074219 0.613281
vt 0.190918 0.597656
vt 0.190918 0.558594
vt 0.074219 0.613281
vt 0.190918 0.558594
vt 0.074219 0.558594
vt -0.019531 0.558594
vt 0.074219 0.613281
vt 0.074219 0.558594
vt 0.074219 0.613281
vt 0.074219 0.503906
vt 0.190918 0.503906
vt 0.074219 0.613281
vt 0.190918 0.503906
vt 0.190918 0.613281
vt 0.190918 0.503906
vt 0.269531 0.550781
vt 0.190918 0.613281
vt -0.019531 0.558594
vt 0.074219 0.503906
vt 0.074219 0.613281
vt 0.074219 0.558594
vt 0.190918 0.558594
vt 0.190918 0.503906
vt 0.074219 0.558594
vt 0.190918 0.503906
vt 0.074219 0.503906
vt 0.190918 0.503906
vt 0.190918 0.558594
vt 0.269531 0.550781
vt -0.019531 0.558594
vt 0.074219 0.558594
vt 0.074219 0.503906
vt 0.190918 0.558594
vt 0.190918 0.613281
vt 0.269531 0.550781
vt 0.074219 0.613281
vt 0.190918 0.613281
vt 0.190918 0.558594
vt 0.074219 0.613281
vt 0.190918 0.558594
vt 0.074219 0.558594
vt -0.019531 0.558594
vt 0.074219 0.613281
vt 0.074219 0.558594
s 1
usemtl Material.024
f 779/779/256 780/780/256 781/781/256
f 782/782/257 783/783/257 784/784/257
f 785/785/258 786/786/258 787/787/258
f 788/788/259 789/789/259 790/790/259
f 791/791/260 792/792/260 793/793/260
f 794/794/261 795/795/261 796/796/261
f 797/797/262 798/798/262 799/799/262
f 800/800/263 801/801/263 802/802/263 803/803/263
f 804/804/264 805/805/264 806/806/264 807/807/264
f 808/808/265 809/809/265 810/810/265 811/811/265
f 812/812/266 813/813/266 814/814/266
f 815/815/267 816/816/267 817/817/267
f 818/818/268 819/819/268 820/820/268
f 821/821/269 822/822/269 823/823/269
f 824/824/270 825/825/270 826/826/270
f 827/827/271 828/828/271 829/829/271
f 830/830/272 831/831/272 832/832/272
f 833/833/273 834/834/273 835/835/273
f 836/836/274 837/837/274 838/838/274
f 839/839/275 840/840/275 841/841/275 842/842/275
f 843/843/276 844/844/276 845/845/276
f 846/846/277 847/847/277 848/848/277
f 849/849/278 850/850/278 851/851/278
f 852/852/279 853/853/279 854/854/279
f 855/855/280 856/856/280 857/857/280
f 858/858/281 859/859/281 860/860/281
f 861/861/282 862/862/282 863/863/282
f 864/864/283 865/865/283 866/866/283
f 867/867/284 868/868/284 869/869/284
f 870/870/285 871/871/285 872/872/285
f 873/873/286 874/874/286 875/875/286
f 876/876/287 877/877/287 878/878/287
f 879/879/288 880/880/288 881/881/288
f 882/882/289 883/883/289 884/884/289
f 885/885/290 886/886/290 887/887/290
f 888/888/291 889/889/291 890/890/291
f 891/891/292 892/892/292 893/893/292
f 894/894/293 895/895/293 896/896/293
f 897/897/294 898/898/294 899/899/294
f 900/900/295 901/901/295 902/902/295
f 903/903/296 904/904/296 905/905/296 906/906/296
f 907/907/297 908/908/297 909/909/297 910/910/297
f 911/911/298 912/912/298 913/913/298 914/914/298
f 915/915/299 916/916/299 917/917/299 918/918/299
f 919/919/300 920/920/300 921/921/300
f 922/922/301 923/923/301 924/924/301
f 925/925/302 926/926/302 927/927/302
f 928/928/303 929/929/303 930/930/303
f 931/931/304 932/932/304 933/933/304
f 934/934/305 935/935/305 936/936/305
f 937/937/306 938/938/306 939/939/306
f 940/940/307 941/941/307 942/942/307
f 943/943/308 944/944/308 945/945/308
f 946/946/309 947/947/309 948/948/309 949/949/309
f 950/950/310 951/951/310 952/952/310
f 953/953/311 954/954/311 955/955/311
f 956/956/312 957/957/312 958/958/312
f 959/959/313 960/960/313 961/961/313
f 962/962/314 963/963/314 964/964/314
f 965/965/315 966/966/315 967/967/315
f 968/968/316 969/969/316 970/970/316
f 971/971/317 972/972/317 973/973/317
f 974/974/318 975/975/318 976/976/318
f 977/977/319 978/978/319 979/979/319
f 980/980/320 981/981/320 982/982/320
f 983/983/321 984/984/321 985/985/321
f 986/986/322 987/987/322 988/988/322
f 989/989/323 990/990/323 991/991/323
f 992/992/324 993/993/324 994/994/324
f 995/995/325 996/996/325 997/997/325
f 998/998/326 999/999/326 1000/1000/326
f 1001/1001/327 1002/1002/327 1003/1003/327
f 1004/1004/328 1005/1005/328 1006/1006/328
f 1007/1007/329 1008/1008/329 1009/1009/329
f 1010/1010/330 1011/1011/330 1012/1012/330
f 1013/1013/331 1014/1014/331 1015/1015/331
f 1016/1016/332 1017/1017/332 1018/1018/332
f 1019/1019/333 1020/1020/333 1021/1021/333
f 1022/1022/334 1023/1023/334 1024/1024/334
f 1025/1025/335 1026/1026/335 1027/1027/335
f 1028/1028/336 1029/1029/336 1030/1030/336
f 1031/1031/337 1032/1032/337 1033/1033/337
f 1034/1034/338 1035/1035/338 1036/1036/338
f 1037/1037/339 1038/1038/339 1039/1039/339
f 1040/1040/340 1041/1041/340 1042/1042/340
f 1043/1043/341 1044/1044/341 1045/1045/341
f 1046/1046/342 1047/1047/342 1048/1048/342
f 1049/1049/343 1050/1050/343 1051/1051/343
f 1052/1052/344 1053/1053/344 1054/1054/344
f 1055/1055/345 1056/1056/345 1057/1057/345
f 1058/1058/346 1059/1059/346 1060/1060/346
f 1061/1061/347 1062/1062/347 1063/1063/347
f 1064/1064/348 1065/1065/348 1066/1066/348
f 1067/1067/349 1068/1068/349 1069/1069/349
f 1070/1070/350 1071/1071/350 1072/1072/350
f 1073/1073/351 1074/1074/351 1075/1075/351
f 1076/1076/352 1077/1077/352 1078/1078/352
f 1079/1079/353 1080/1080/353 1081/1081/353
f 1082/1082/354 1083/1083/354 1084/1084/354
f 1085/1085/355 1086/1086/355 1087/1087/355
f 1088/1088/356 1089/1089/356 1090/1090/356 1091/1091/356
f 1092/1092/357 1093/1093/357 1094/1094/357 1095/1095/357
f 1096/1096/358 1097/1097/358 1098/1098/358
f 1099/1099/359 1100/1100/359 1101/1101/359
f 1102/1102/360 1103/1103/360 1104/1104/360
f 1105/1105/361 1106/1106/361 1107/1107/361
f 1108/1108/358 1109/1109/358 1110/1110/358
f 1111/1111/362 1112/1112/362 1113/1113/362
f 1114/1114/359 1115/1115/359 1116/1116/359
f 1117/1117/360 1118/1118/360 1119/1119/360
f 1120/1120/361 1121/1121/361 1122/1122/361
f 1123/1123/363 1124/1124/363 1125/1125/363
f 1126/1126/362 1127/1127/362 1128/1128/362
f 1129/1129/364 1130/1130/364 1131/1131/364
f 1132/1132/365 1133/1133/365 1134/1134/365
f 1135/1135/366 1136/1136/366 1137/1137/366
f 1138/1138/367 1139/1139/367 1140/1140/367
f 1141/1141/368 1142/1142/368 1143/1143/368
f 1144/1144/369 1145/1145/369 1146/1146/369
f 1147/1147/370 1148/1148/370 1149/1149/370
f 1150/1150/371 1151/1151/371 1152/1152/371
f 1153/1153/372 1154/1154/372 1155/1155/372
f 1156/1156/373 1157/1157/373 1158/1158/373
f 1159/1159/374 1160/1160/374 1161/1161/374
f 1162/1162/375 1163/1163/375 1164/1164/375
f 1165/1165/376 1166/1166/376 1167/1167/376
f 1168/1168/377 1169/1169/377 1170/1170/377
f 1171/1171/378 1172/1172/378 1173/1173/378
f 1174/1174/379 1175/1175/379 1176/1176/379
f 1177/1177/380 1178/1178/380 1179/1179/380
f 1180/1180/381 1181/1181/381 1182/1182/381
f 1183/1183/382 1184/1184/382 1185/1185/382
f 1186/1186/383 1187/1187/383 1188/1188/383
f 1189/1189/384 1190/1190/384 1191/1191/384
f 1192/1192/385 1193/1193/385 1194/1194/385
f 1195/1195/386 1196/1196/386 1197/1197/386
f 1198/1198/387 1199/1199/387 1200/1200/387
f 1201/1201/388 1202/1202/388 1203/1203/388
f 1204/1204/389 1205/1205/389 1206/1206/389
f 1207/1207/390 1208/1208/390 1209/1209/390
f 1210/1210/391 1211/1211/391 1212/1212/391
f 1213/1213/392 1214/1214/392 1215/1215/392
f 1216/1216/393 1217/1217/393 1218/1218/393
f 1219/1219/394 1220/1220/394 1221/1221/394
f 1222/1222/395 1223/1223/395 1224/1224/395
f 1225/1225/396 1226/1226/396 1227/1227/396
f 1228/1228/397 1229/1229/397 1230/1230/397
f 1231/1231/398 1232/1232/398 1233/1233/398
f 1234/1234/399 1235/1235/399 1236/1236/399
f 1237/1237/400 1238/1238/400 1239/1239/400
f 1240/1240/401 1241/1241/401 1242/1242/401
f 1243/1243/402 1244/1244/402 1245/1245/402
f 1246/1246/403 1247/1247/403 1248/1248/403
f 1249/1249/404 1250/1250/404 1251/1251/404
f 1252/1252/405 1253/1253/405 1254/1254/405
f 1255/1255/406 1256/1256/406 1257/1257/406
f 1258/1258/407 1259/1259/407 1260/1260/407
f 1261/1261/408 1262/1262/408 1263/1263/408
f 1264/1264/409 1265/1265/409 1266/1266/409
f 1267/1267/410 1268/1268/410 1269/1269/410
f 1270/1270/411 1271/1271/411 1272/1272/411
f 1273/1273/412 1274/1274/412 1275/1275/412
f 1276/1276/413 1277/1277/413 1278/1278/413
f 1279/1279/414 1280/1280/414 1281/1281/414
f 1282/1282/415 1283/1283/415 1284/1284/415
f 1285/1285/416 1286/1286/416 1287/1287/416
f 1288/1288/417 1289/1289/417 1290/1290/417
f 1291/1291/418 1292/1292/418 1293/1293/418
f 1294/1294/419 1295/1295/419 1296/1296/419
f 1297/1297/420 1298/1298/420 1299/1299/420
f 1300/1300/421 1301/1301/421 1302/1302/421
f 1303/1303/422 1304/1304/422 1305/1305/422
f 1306/1306/423 1307/1307/423 1308/1308/423
f 1309/1309/424 1310/1310/424 1311/1311/424
f 1312/1312/425 1313/1313/425 1314/1314/425
f 1315/1315/426 1316/1316/426 1317/1317/426
f 1318/1318/427 1319/1319/427 1320/1320/427
f 1321/1321/428 1322/1322/428 1323/1323/428
f 1324/1324/429 1325/1325/429 1326/1326/429
f 1327/1327/430 1328/1328/430 1329/1329/430
f 1330/1330/431 1331/1331/431 1332/1332/431
f 1333/1333/432 1334/1334/432 1335/1335/432
f 1336/1336/433 1337/1337/433 1338/1338/433
f 1339/1339/434 1340/1340/434 1341/1341/434
f 1342/1342/435 1343/1343/435 1344/1344/435
f 1345/1345/436 1346/1346/436 1347/1347/436
f 1348/1348/437 1349/1349/437 1350/1350/437
f 1351/1351/438 1352/1352/438 1353/1353/438
f 1354/1354/439 1355/1355/439 1356/1356/439
f 1357/1357/440 1358/1358/440 1359/1359/440
f 1360/1360/441 1361/1361/441 1362/1362/441
f 1363/1363/442 1364/1364/442 1365/1365/442
f 1366/1366/443 1367/1367/443 1368/1368/443
f 1369/1369/444 1370/1370/444 1371/1371/444
f 1372/1372/445 1373/1373/445 1374/1374/445
f 1375/1375/446 1376/1376/446 1377/1377/446
f 1378/1378/447 1379/1379/447 1380/1380/447
f 1381/1381/448 1382/1382/448 1383/1383/448
f 1384/1384/449 1385/1385/449 1386/1386/449
f 1387/1387/450 1388/1388/450 1389/1389/450
f 1390/1390/451 1391/1391/451 1392/1392/451
f 1393/1393/452 1394/1394/452 1395/1395/452
f 1396/1396/453 1397/1397/453 1398/1398/453
o dbkultimate-2024-12-21-22-56-01-640.007
v 0.973914 4.560883 -0.156159
v 0.738141 4.672489 -0.187612
v 0.804449 4.595429 0.067033
v 0.973914 4.560883 -0.156159
v 0.804449 4.595429 0.067033
v 0.988450 4.459238 0.119083
v 0.988450 4.459238 0.119083
v 0.804449 4.595429 0.067033
v 0.880112 4.220866 0.132580
v 1.230698 4.147285 0.086430
v 0.988450 4.459238 0.119083
v 1.015366 4.148540 0.093106
v 1.420307 4.458340 0.008271
v 1.231349 4.435661 0.110259
v 1.420150 4.256168 0.042941
v 1.230698 4.147285 0.086430
v 1.231349 4.435661 0.110259
v 0.988450 4.459238 0.119083
v 1.205114 4.315625 -0.358443
v 1.434376 4.521596 -0.174215
v 1.433089 4.334864 -0.299899
v 1.198876 4.113750 -0.185435
v 1.433089 4.334864 -0.299899
v 1.434376 4.150542 -0.110508
v 0.790529 4.516090 -0.371682
v 1.007572 4.358593 -0.387470
v 0.844483 4.296764 -0.374501
v 1.007572 4.358593 -0.387470
v 0.883865 4.128933 -0.208513
v 0.844483 4.296764 -0.374501
v 1.174487 4.563621 -0.152883
v 1.420307 4.458340 0.008271
v 1.434376 4.521596 -0.174215
v 1.434376 4.150542 -0.110508
v 1.433089 4.334864 -0.299899
v 1.548847 4.336113 -0.291079
v 1.548847 4.336113 -0.291079
v 1.434376 4.521596 -0.174215
v 1.607658 4.356730 -0.170950
v 1.434376 4.521596 -0.174215
v 1.420307 4.458340 0.008271
v 1.545175 4.375412 -0.062115
v 1.607658 4.356730 -0.170950
v 1.434376 4.150542 -0.110508
v 1.548847 4.336113 -0.291079
v 0.883865 4.128933 -0.208513
v 1.198876 4.113750 -0.185435
v 1.015366 4.148540 0.093106
v 1.434376 4.150542 -0.110508
v 1.420150 4.256168 0.042941
v 1.230698 4.147285 0.086430
v 1.015366 4.148540 0.093106
v 0.988450 4.459238 0.119083
v 0.880112 4.220866 0.132580
v 1.545175 4.375412 -0.062115
v 1.420307 4.458340 0.008271
v 1.420150 4.256168 0.042941
v 1.198876 4.113750 -0.185435
v 1.230698 4.147285 0.086430
v 1.015366 4.148540 0.093106
v 1.231349 4.435661 0.110259
v 1.174487 4.563621 -0.152883
v 0.988450 4.459238 0.119083
v 1.007572 4.358593 -0.387470
v 1.174487 4.563621 -0.152883
v 1.205114 4.315625 -0.358443
v 1.198876 4.113750 -0.185435
v 1.007572 4.358593 -0.387470
v 1.205114 4.315625 -0.358443
v 0.973914 4.560883 -0.156159
v 1.174487 4.563621 -0.152883
v 1.007572 4.358593 -0.387470
v 1.433089 4.334864 -0.299899
v 1.434376 4.521596 -0.174215
v 1.548847 4.336113 -0.291079
v 1.420150 4.256168 0.042941
v 1.434376 4.150542 -0.110508
v 1.545175 4.375412 -0.062115
v 1.205114 4.315625 -0.358443
v 1.174487 4.563621 -0.152883
v 1.434376 4.521596 -0.174215
v 0.880112 4.220866 0.132580
v 0.883865 4.128933 -0.208513
v 1.015366 4.148540 0.093106
v 0.738141 4.672489 -0.187612
v 1.007572 4.358593 -0.387470
v 0.790529 4.516090 -0.371682
v 1.198876 4.113750 -0.185435
v 0.883865 4.128933 -0.208513
v 1.007572 4.358593 -0.387470
v 1.198876 4.113750 -0.185435
v 1.205114 4.315625 -0.358443
v 1.433089 4.334864 -0.299899
v 1.607658 4.356730 -0.170950
v 1.434376 4.521596 -0.174215
v 1.545175 4.375412 -0.062115
v 1.545175 4.375412 -0.062115
v 1.434376 4.150542 -0.110508
v 1.607658 4.356730 -0.170950
v 1.420150 4.256168 0.042941
v 1.231349 4.435661 0.110259
v 1.230698 4.147285 0.086430
v 1.174487 4.563621 -0.152883
v 1.231349 4.435661 0.110259
v 1.420307 4.458340 0.008271
v 0.973914 4.560883 -0.156159
v 1.007572 4.358593 -0.387470
v 0.738141 4.672489 -0.187612
v 1.434376 4.150542 -0.110508
v 1.230698 4.147285 0.086430
v 1.198876 4.113750 -0.185435
v 0.988450 4.459238 0.119083
v 1.174487 4.563621 -0.152883
v 0.973914 4.560883 -0.156159
vn 0.4035 0.8996 0.1671
vn 0.5219 0.8088 0.2711
vn -0.1758 0.1351 0.9751
vn 0.0304 -0.0807 0.9963
vn 0.4556 0.1501 0.8774
vn 0.0282 -0.0824 0.9962
vn 0.1639 0.5500 -0.8189
vn 0.3168 -0.6786 -0.6626
vn -0.0770 -0.0061 -0.9970
vn 0.1953 -0.6661 -0.7198
vn 0.1771 0.9256 0.3345
vn 0.0608 -0.7151 -0.6964
vn 0.6296 0.6534 -0.4204
vn 0.6385 0.7106 0.2955
vn 0.7097 -0.6648 -0.2333
vn -0.0544 -0.9946 0.0884
vn 0.5124 -0.6844 0.5186
vn 0.2504 -0.0591 0.9663
vn 0.5552 0.1402 0.8198
vn -0.0020 -0.9924 0.1227
vn 0.1028 0.9031 0.4169
vn 0.2459 0.6364 -0.7311
vn -0.0298 -0.6499 -0.7594
vn 0.0005 0.7528 -0.6583
vn 0.0571 0.5572 -0.8284
vn 0.7859 -0.4730 0.3984
vn 0.0406 0.6406 -0.7668
vn -0.4045 -0.8841 0.2338
vn 0.4930 0.7272 -0.4776
vn 0.0272 -0.6235 -0.7814
vn 0.2419 -0.6357 -0.7331
vn 0.6630 0.7020 0.2601
vn 0.7299 -0.4670 0.4992
vn 0.2665 -0.0800 0.9605
vn 0.1152 0.9029 0.4142
vn 0.4135 0.7144 -0.5646
vn 0.1199 -0.9869 0.1077
vn -0.0185 0.9376 0.3472
vt 0.699219 0.785156
vt 0.652344 0.785156
vt 0.660156 0.738281
vt 0.699219 0.785156
vt 0.660156 0.738281
vt 0.683594 0.699219
vt 0.683594 0.699219
vt 0.660156 0.738281
vt 0.652344 0.605469
vt 0.761719 0.589844
vt 0.683594 0.699219
vt 0.691406 0.605469
vt 0.832031 0.707031
vt 0.761719 0.689941
vt 0.832031 0.589844
vt 0.761719 0.589844
vt 0.761719 0.689941
vt 0.683594 0.699219
vt 0.750488 0.902344
vt 0.832031 0.792969
vt 0.832031 0.902344
vt 0.746094 0.996094
vt 0.832031 0.902344
vt 0.832031 0.996094
vt 0.652344 0.839844
vt 0.683594 0.902344
vt 0.652344 0.902344
vt 0.683594 0.902344
vt 0.644531 0.996094
vt 0.652344 0.902344
vt 0.753906 0.769531
vt 0.832031 0.707031
vt 0.832031 0.792969
vt 0.832031 0.996094
vt 0.832031 0.902344
vt 0.878906 0.902344
vt 0.878906 0.902344
vt 0.832031 0.792969
vt 0.889160 0.902344
vt 0.832031 0.792969
vt 0.832031 0.707031
vt 0.863281 0.644531
vt 0.889160 0.902344
vt 0.832031 0.996094
vt 0.878906 0.902344
vt 0.636719 0.503906
vt 0.746094 0.503906
vt 0.691406 0.605469
vt 0.832031 0.503906
vt 0.832031 0.589844
vt 0.761719 0.589844
vt 0.691406 0.605469
vt 0.683594 0.699219
vt 0.652344 0.605469
vt 0.863281 0.644531
vt 0.832031 0.707031
vt 0.832031 0.589844
vt 0.746094 0.503906
vt 0.761719 0.589844
vt 0.691406 0.605469
vt 0.761719 0.689941
vt 0.753906 0.769531
vt 0.683594 0.699219
vt 0.683594 0.902344
vt 0.753906 0.769531
vt 0.750488 0.902344
vt 0.746094 0.996094
vt 0.683594 0.902344
vt 0.750488 0.902344
vt 0.699219 0.785156
vt 0.753906 0.769531
vt 0.683594 0.902344
vt 0.832031 0.902344
vt 0.832031 0.792969
vt 0.878906 0.902344
vt 0.832031 0.589844
vt 0.832031 0.503906
vt 0.863281 0.644531
vt 0.750488 0.902344
vt 0.753906 0.769531
vt 0.832031 0.792969
vt 0.652344 0.605469
vt 0.636719 0.503906
vt 0.691406 0.605469
vt 0.652344 0.785156
vt 0.683594 0.902344
vt 0.652344 0.839844
vt 0.746094 0.996094
vt 0.644531 0.996094
vt 0.683594 0.902344
vt 0.746094 0.996094
vt 0.750488 0.902344
vt 0.832031 0.902344
vt 0.889160 0.902344
vt 0.832031 0.792969
vt 0.910156 0.902344
vt 0.910156 0.902344
vt 0.832031 0.996094
vt 0.889160 0.902344
vt 0.832031 0.589844
vt 0.761719 0.689941
vt 0.761719 0.589844
vt 0.753906 0.769531
vt 0.761719 0.689941
vt 0.832031 0.707031
vt 0.699219 0.785156
vt 0.683594 0.902344
vt 0.652344 0.785156
vt 0.832031 0.503906
vt 0.761719 0.589844
vt 0.746094 0.503906
vt 0.683594 0.699219
vt 0.753906 0.769531
vt 0.699219 0.785156
s 1
usemtl Material.008
f 1399/1399/454 1400/1400/454 1401/1401/454
f 1402/1402/455 1403/1403/455 1404/1404/455
f 1405/1405/456 1406/1406/456 1407/1407/456
f 1408/1408/457 1409/1409/457 1410/1410/457
f 1411/1411/458 1412/1412/458 1413/1413/458
f 1414/1414/459 1415/1415/459 1416/1416/459
f 1417/1417/460 1418/1418/460 1419/1419/460
f 1420/1420/461 1421/1421/461 1422/1422/461
f 1423/1423/462 1424/1424/462 1425/1425/462
f 1426/1426/463 1427/1427/463 1428/1428/463
f 1429/1429/464 1430/1430/464 1431/1431/464
f 1432/1432/465 1433/1433/465 1434/1434/465
f 1435/1435/466 1436/1436/466 1437/1437/466
f 1438/1438/467 1439/1439/467 1440/1440/467
f 1441/1441/468 1442/1442/468 1443/1443/468
f 1444/1444/469 1445/1445/469 1446/1446/469
f 1447/1447/470 1448/1448/470 1449/1449/470
f 1450/1450/471 1451/1451/471 1452/1452/471
f 1453/1453/472 1454/1454/472 1455/1455/472
f 1456/1456/473 1457/1457/473 1458/1458/473
f 1459/1459/474 1460/1460/474 1461/1461/474
f 1462/1462/475 1463/1463/475 1464/1464/475
f 1465/1465/476 1466/1466/476 1467/1467/476
f 1468/1468/477 1469/1469/477 1470/1470/477
f 1471/1471/478 1472/1472/478 1473/1473/478
f 1474/1474/479 1475/1475/479 1476/1476/479
f 1477/1477/480 1478/1478/480 1479/1479/480
f 1480/1480/481 1481/1481/481 1482/1482/481
f 1483/1483/482 1484/1484/482 1485/1485/482
f 1486/1486/483 1487/1487/483 1488/1488/483
f 1489/1489/484 1490/1490/484 1491/1491/484
f 1492/1492/485 1493/1493/485 1494/1494/485
f 1495/1495/486 1496/1496/486 1497/1497/486
f 1498/1498/487 1499/1499/487 1500/1500/487
f 1501/1501/488 1502/1502/488 1503/1503/488
f 1504/1504/489 1505/1505/489 1506/1506/489
f 1507/1507/490 1508/1508/490 1509/1509/490
f 1510/1510/491 1511/1511/491 1512/1512/491
o dbkultimate-2024-12-21-22-56-01-640.008
v 2.215481 4.306746 -0.072461
v 2.150671 4.361843 -0.325464
v 2.166633 4.512328 -0.122468
v 2.140352 4.131049 -0.240613
v 2.150671 4.361843 -0.325464
v 2.215481 4.306746 -0.072461
v 2.145441 4.157253 0.070727
v 2.215481 4.306746 -0.072461
v 2.169156 4.413134 0.101110
v 2.145441 4.157253 0.070727
v 2.140352 4.131049 -0.240613
v 2.215481 4.306746 -0.072461
v 2.215481 4.306746 -0.072461
v 2.166633 4.512328 -0.122468
v 2.169156 4.413134 0.101110
v 1.949126 4.442750 0.098561
v 1.927155 4.157985 0.065234
v 2.145441 4.157253 0.070727
v 2.169156 4.413134 0.101110
v 1.944524 4.551064 -0.138221
v 1.949126 4.442750 0.098561
v 2.169156 4.413134 0.101110
v 2.166633 4.512328 -0.122468
v 1.917002 4.136006 -0.249762
v 1.926488 4.391710 -0.342105
v 2.150671 4.361843 -0.325464
v 2.140352 4.131049 -0.240613
v 1.917002 4.136006 -0.249762
v 2.140352 4.131049 -0.240613
v 2.145441 4.157253 0.070727
v 1.927155 4.157985 0.065234
v 1.926488 4.391710 -0.342105
v 1.944524 4.551064 -0.138221
v 2.166633 4.512328 -0.122468
v 2.150671 4.361843 -0.325464
vn 0.9619 0.1780 -0.2076
vn 0.9507 -0.1435 -0.2748
vn 0.9366 -0.1256 0.3270
vn 0.9124 -0.4088 0.0195
vn 0.9621 0.2533 0.1015
vn -0.0262 -0.1148 0.9930
vn 0.1232 0.9054 0.4062
vn 0.0274 -0.3431 -0.9389
vn -0.0154 -0.9969 0.0771
vn 0.1636 0.7782 -0.6063
vt 0.417969 0.222656
vt 0.417969 0.121094
vt 0.472656 0.121094
vt 0.472656 0.121094
vt 0.417969 0.121094
vt 0.417969 0.222656
vt 0.472656 0.121094
vt 0.417969 0.222656
vt 0.417969 0.121094
vt 0.472656 0.121094
vt 0.472656 0.121094
vt 0.417969 0.222656
vt 0.417969 0.222656
vt 0.472656 0.121094
vt 0.417969 0.121094
vt 0.503906 0.371094
vt 0.503906 0.496094
vt 0.628906 0.496094
vt 0.628906 0.371094
vt 0.503906 0.292969
vt 0.503906 0.371094
vt 0.628906 0.371094
vt 0.628906 0.292969
vt 0.503906 0.496094
vt 0.503906 0.371094
vt 0.628906 0.371094
vt 0.628906 0.496094
vt 0.503906 0.371094
vt 0.628906 0.371094
vt 0.628906 0.222656
vt 0.503906 0.222656
vt 0.503906 0.222656
vt 0.503906 0.292969
vt 0.628906 0.292969
vt 0.628906 0.222656
s 1
usemtl Material.012
f 1513/1513/492 1514/1514/492 1515/1515/492
f 1516/1516/493 1517/1517/493 1518/1518/493
f 1519/1519/494 1520/1520/494 1521/1521/494
f 1522/1522/495 1523/1523/495 1524/1524/495
f 1525/1525/496 1526/1526/496 1527/1527/496
f 1528/1528/497 1529/1529/497 1530/1530/497 1531/1531/497
f 1532/1532/498 1533/1533/498 1534/1534/498 1535/1535/498
f 1536/1536/499 1537/1537/499 1538/1538/499 1539/1539/499
f 1540/1540/500 1541/1541/500 1542/1542/500 1543/1543/500
f 1544/1544/501 1545/1545/501 1546/1546/501 1547/1547/501
o dbkultimate-2024-12-21-22-56-01-640.009
v 2.691331 4.130023 0.051723
v 2.450283 4.204413 0.226222
v 2.531134 3.938109 0.162998
v 2.197625 4.486729 -0.127110
v 2.481446 4.411805 -0.323126
v 2.193521 4.349997 -0.291964
v 2.193521 4.349997 -0.291964
v 2.039019 4.333301 -0.109453
v 2.197625 4.486729 -0.127110
v 2.481446 4.411805 -0.323126
v 2.576173 4.187186 -0.335509
v 2.451066 4.071696 -0.334336
v 2.197625 4.486729 -0.127110
v 2.202664 4.392690 0.063464
v 2.570078 4.454119 0.132783
v 2.197625 4.486729 -0.127110
v 2.039019 4.333301 -0.109453
v 2.202664 4.392690 0.063464
v 2.193521 4.349997 -0.291964
v 2.211234 4.157392 -0.298560
v 2.039019 4.333301 -0.109453
v 2.208360 4.113174 0.045427
v 2.039019 4.333301 -0.109453
v 2.211234 4.157392 -0.298560
v 2.202664 4.392690 0.063464
v 2.039019 4.333301 -0.109453
v 2.208360 4.113174 0.045427
v 2.531134 3.938109 0.162998
v 2.450283 4.204413 0.226222
v 2.208360 4.113174 0.045427
v 2.197625 4.486729 -0.127110
v 2.570078 4.454119 0.132783
v 2.481446 4.411805 -0.323126
v 2.691331 4.130023 0.051723
v 2.570078 4.454119 0.132783
v 2.450283 4.204413 0.226222
v 2.570078 4.454119 0.132783
v 2.202664 4.392690 0.063464
v 2.450283 4.204413 0.226222
v 2.208360 4.113174 0.045427
v 2.450283 4.204413 0.226222
v 2.202664 4.392690 0.063464
v 2.193521 4.349997 -0.291964
v 2.481446 4.411805 -0.323126
v 2.451066 4.071696 -0.334336
v 2.211234 4.157392 -0.298560
v 2.570078 4.454119 0.132783
v 2.691331 4.130023 0.051723
v 2.576173 4.187186 -0.335509
v 2.481446 4.411805 -0.323126
v 2.531134 3.938109 0.162998
v 2.208360 4.113174 0.045427
v 2.211234 4.157392 -0.298560
v 2.451066 4.071696 -0.334336
v 2.451066 4.071696 -0.334336
v 2.576173 4.187186 -0.335509
v 2.691331 4.130023 0.051723
v 2.531134 3.938109 0.162998
vn 0.5831 -0.0158 0.8122
vn -0.2284 0.7521 -0.6182
vn -0.6359 0.6017 -0.4833
vn -0.0433 0.0368 -0.9984
vn -0.2278 0.8708 0.4357
vn -0.6285 0.6908 0.3575
vn -0.7602 -0.0477 -0.6479
vn -0.7580 -0.6460 -0.0894
vn -0.7147 -0.0595 0.6969
vn -0.4784 -0.3377 0.8106
vn 0.1722 0.9772 -0.1242
vn 0.5901 0.0189 0.8071
vn -0.2369 0.4381 0.8672
vn -0.5818 -0.0642 0.8108
vn -0.1241 0.0361 -0.9916
vn 0.8971 0.3888 -0.2100
vn -0.3968 -0.9047 -0.1548
vn 0.6444 -0.7058 -0.2944
vt 0.179688 0.601562
vt 0.175781 0.832031
vt 0.023438 0.757812
vt 0.476562 0.992188
vt 0.648438 0.757812
vt 0.648438 0.992188
vt 0.007812 0.585938
vt 0.164062 0.429688
vt 0.179688 0.585938
vt 0.648438 0.757812
vt 0.804688 0.601562
vt 0.960938 0.757812
vt 0.476562 0.992188
vt 0.335938 0.992188
vt 0.335938 0.757812
vt 0.179688 0.585938
vt 0.164062 0.429688
vt 0.320312 0.585938
vt 0.007812 0.585938
vt 0.007812 0.289062
vt 0.164062 0.429688
vt 0.320312 0.289062
vt 0.164062 0.429688
vt 0.007812 0.289062
vt 0.320312 0.585938
vt 0.164062 0.429688
vt 0.320312 0.289062
vt 0.023438 0.757812
vt 0.175781 0.832031
vt 0.023438 0.992188
vt 0.476562 0.992188
vt 0.335938 0.757812
vt 0.648438 0.757812
vt 0.179688 0.601562
vt 0.335938 0.757812
vt 0.175781 0.832031
vt 0.335938 0.757812
vt 0.335938 0.992188
vt 0.175781 0.832031
vt 0.023438 0.992188
vt 0.175781 0.832031
vt 0.335938 0.992188
vt 0.648438 0.992188
vt 0.648438 0.757812
vt 0.960938 0.757812
vt 0.960938 0.992188
vt 0.335938 0.757812
vt 0.367188 0.601562
vt 0.632812 0.601562
vt 0.648438 0.757812
vt 0.335938 0.445312
vt 0.335938 0.210938
vt 0.648438 0.210938
vt 0.648438 0.445312
vt 0.648438 0.445312
vt 0.632812 0.601562
vt 0.367188 0.601562
vt 0.335938 0.445312
s 1
usemtl Material.014
f 1548/1548/502 1549/1549/502 1550/1550/502
f 1551/1551/503 1552/1552/503 1553/1553/503
f 1554/1554/504 1555/1555/504 1556/1556/504
f 1557/1557/505 1558/1558/505 1559/1559/505
f 1560/1560/506 1561/1561/506 1562/1562/506
f 1563/1563/507 1564/1564/507 1565/1565/507
f 1566/1566/508 1567/1567/508 1568/1568/508
f 1569/1569/509 1570/1570/509 1571/1571/509
f 1572/1572/510 1573/1573/510 1574/1574/510
f 1575/1575/511 1576/1576/511 1577/1577/511
f 1578/1578/512 1579/1579/512 1580/1580/512
f 1581/1581/513 1582/1582/513 1583/1583/513
f 1584/1584/514 1585/1585/514 1586/1586/514
f 1587/1587/515 1588/1588/515 1589/1589/515
f 1590/1590/516 1591/1591/516 1592/1592/516 1593/1593/516
f 1594/1594/517 1595/1595/517 1596/1596/517 1597/1597/517
f 1598/1598/518 1599/1599/518 1600/1600/518 1601/1601/518
f 1602/1602/519 1603/1603/519 1604/1604/519 1605/1605/519
o dbkultimate-2024-12-21-22-56-01-640.010
o dbkultimate-2024-12-21-22-56-01-640.011
o dbkultimate-2024-12-21-22-56-01-640.012
v 0.527159 2.705101 -0.479321
v 0.353878 1.816132 -0.633704
v 0.019223 2.712343 -0.483878
v 0.892192 1.611666 -0.009407
v 0.570901 2.771191 0.221789
v 0.631992 1.665621 0.244463
v 0.650240 1.802583 -0.488346
v 0.673279 2.757974 -0.009224
v 0.892192 1.611666 -0.009407
v -0.204280 1.628039 -0.018447
v 0.019223 2.712343 -0.483878
v 0.064894 1.811176 -0.493537
v 0.351745 2.714813 0.359885
v -0.204280 1.628039 -0.018447
v 0.337106 1.698475 0.405609
v 0.334315 1.388643 0.227790
v 0.892192 1.611666 -0.009407
v 0.631992 1.665621 0.244463
v 0.353878 1.816132 -0.633704
v 0.342567 1.510674 -0.470317
v 0.064894 1.811176 -0.493537
v 0.337106 1.698475 0.405609
v -0.204280 1.628039 -0.018447
v 0.334315 1.388643 0.227790
v -0.024071 2.770367 0.034200
v 0.351745 2.714813 0.359885
v 0.321940 3.277774 -0.078252
v 0.527159 2.705101 -0.479321
v 0.019223 2.712343 -0.483878
v 0.321940 3.277774 -0.078252
v 0.321940 3.277774 -0.078252
v 0.019223 2.712343 -0.483878
v -0.024071 2.770367 0.034200
v 0.321940 3.277774 -0.078252
v 0.351745 2.714813 0.359885
v 0.570901 2.771191 0.221789
v 0.673279 2.757974 -0.009224
v 0.527159 2.705101 -0.479321
v 0.321940 3.277774 -0.078252
v 0.892192 1.611666 -0.009407
v 0.334315 1.388643 0.227790
v 0.336387 1.326480 -0.070910
v 0.336387 1.326480 -0.070910
v 0.334315 1.388643 0.227790
v -0.204280 1.628039 -0.018447
v 0.527159 2.705101 -0.479321
v 0.650240 1.802583 -0.488346
v 0.353878 1.816132 -0.633704
v 0.019223 2.712343 -0.483878
v 0.353878 1.816132 -0.633704
v 0.064894 1.811176 -0.493537
v 0.650240 1.802583 -0.488346
v 0.342567 1.510674 -0.470317
v 0.353878 1.816132 -0.633704
v 0.336387 1.326480 -0.070910
v 0.342567 1.510674 -0.470317
v 0.892192 1.611666 -0.009407
v -0.204280 1.628039 -0.018447
v 0.342567 1.510674 -0.470317
v 0.336387 1.326480 -0.070910
v 0.351745 2.714813 0.359885
v -0.024071 2.770367 0.034200
v -0.204280 1.628039 -0.018447
v 0.334315 1.388643 0.227790
v 0.631992 1.665621 0.244463
v 0.337106 1.698475 0.405609
v 0.673279 2.757974 -0.009224
v 0.321940 3.277774 -0.078252
v 0.570901 2.771191 0.221789
v 0.892192 1.611666 -0.009407
v 0.673279 2.757974 -0.009224
v 0.570901 2.771191 0.221789
v -0.204280 1.628039 -0.018447
v -0.024071 2.770367 0.034200
v 0.019223 2.712343 -0.483878
v 0.527159 2.705101 -0.479321
v 0.673279 2.757974 -0.009224
v 0.650240 1.802583 -0.488346
v 0.064894 1.811176 -0.493537
v 0.342567 1.510674 -0.470317
v -0.204280 1.628039 -0.018447
v 0.892192 1.611666 -0.009407
v 0.342567 1.510674 -0.470317
v 0.650240 1.802583 -0.488346
v 0.631992 1.665621 0.244463
v 0.570901 2.771191 0.221789
v 0.351745 2.714813 0.359885
v 0.337106 1.698475 0.405609
vn 0.0113 0.1690 -0.9856
vn 0.7030 0.0534 0.7092
vn 0.9051 0.1729 -0.3883
vn -0.8630 -0.0383 -0.5037
vn -0.6196 0.0442 0.7837
vn 0.5040 -0.5802 0.6399
vn -0.3895 -0.4231 -0.8181
vn -0.5251 -0.4201 0.7402
vn -0.5204 0.5071 0.6870
vn 0.0156 0.5773 -0.8164
vn -0.8324 0.5388 -0.1299
vn 0.3143 0.5934 0.7410
vn 0.8068 0.5045 -0.3075
vn 0.4321 -0.8823 0.1866
vn -0.4662 -0.8667 0.1771
vn 0.4419 0.0692 -0.8944
vn -0.4362 -0.0125 -0.8998
vn 0.3772 -0.4476 -0.8108
vn 0.4565 -0.8106 -0.3668
vn -0.4792 -0.7942 -0.3737
vn -0.6477 0.0672 0.7589
vn 0.3851 -0.4620 0.7989
vn 0.7686 0.5605 0.3085
vn 0.9041 0.1726 0.3908
vn -0.9821 0.1595 -0.0999
vn 0.9423 0.1316 -0.3077
vn -0.5873 -0.5858 -0.5585
vn 0.5645 -0.6281 -0.5356
vn 0.5014 0.0388 0.8643
vt 0.472656 0.949219
vt 0.542969 0.738281
vt 0.613281 0.949219
vt 0.363281 0.691406
vt 0.300781 0.949219
vt 0.300781 0.707031
vt 0.472656 0.738281
vt 0.363281 0.949219
vt 0.363281 0.691406
vt 0.113281 0.691406
vt 0.003906 0.949219
vt 0.003906 0.738281
vt 0.238281 0.949219
vt 0.113281 0.691406
vt 0.238281 0.714844
vt 0.238281 0.667969
vt 0.363281 0.691406
vt 0.300781 0.707031
vt 0.199219 0.292969
vt 0.199219 0.347656
vt 0.074219 0.339844
vt 0.238281 0.714844
vt 0.113281 0.691406
vt 0.238281 0.667969
vt 0.113281 0.949219
vt 0.238281 0.949219
vt 0.175781 1.019531
vt 0.472656 0.949219
vt 0.613281 0.949219
vt 0.542969 1.019531
vt 0.050781 1.019531
vt 0.113281 0.949219
vt 0.003906 0.949219
vt 0.300781 1.019531
vt 0.238281 0.949219
vt 0.300781 0.949219
vt 0.363281 0.949219
vt 0.472656 0.949219
vt 0.417969 1.019531
vt 0.363281 0.691406
vt 0.238281 0.667969
vt 0.238281 0.621094
vt 0.238281 0.621094
vt 0.238281 0.667969
vt 0.113281 0.691406
vt 0.472656 0.949219
vt 0.472656 0.738281
vt 0.542969 0.738281
vt 0.613281 0.949219
vt 0.542969 0.738281
vt 0.613281 0.738281
vt 0.324219 0.339844
vt 0.199219 0.347656
vt 0.199219 0.292969
vt 0.199219 0.417969
vt 0.199219 0.347656
vt 0.324219 0.449219
vt 0.074219 0.449219
vt 0.199219 0.347656
vt 0.199219 0.417969
vt 0.238281 0.949219
vt 0.113281 0.949219
vt 0.113281 0.691406
vt 0.238281 0.667969
vt 0.300781 0.707031
vt 0.238281 0.714844
vt 0.363281 0.949219
vt 0.300781 1.019531
vt 0.300781 0.949219
vt 0.363281 0.691406
vt 0.363281 0.949219
vt 0.300781 0.949219
vt 0.113281 0.691406
vt 0.113281 0.949219
vt 0.003906 0.949219
vt 0.472656 0.949219
vt 0.363281 0.949219
vt 0.472656 0.738281
vt 0.074219 0.339844
vt 0.199219 0.347656
vt 0.074219 0.449219
vt 0.324219 0.449219
vt 0.199219 0.347656
vt 0.324219 0.339844
vt 0.300781 0.707031
vt 0.300781 0.949219
vt 0.238281 0.949219
vt 0.238281 0.714844
s 1
usemtl Material.019
f 1606/1606/520 1607/1607/520 1608/1608/520
f 1609/1609/521 1610/1610/521 1611/1611/521
f 1612/1612/522 1613/1613/522 1614/1614/522
f 1615/1615/523 1616/1616/523 1617/1617/523
f 1618/1618/524 1619/1619/524 1620/1620/524
f 1621/1621/525 1622/1622/525 1623/1623/525
f 1624/1624/526 1625/1625/526 1626/1626/526
f 1627/1627/527 1628/1628/527 1629/1629/527
f 1630/1630/528 1631/1631/528 1632/1632/528
f 1633/1633/529 1634/1634/529 1635/1635/529
f 1636/1636/530 1637/1637/530 1638/1638/530
f 1639/1639/531 1640/1640/531 1641/1641/531
f 1642/1642/532 1643/1643/532 1644/1644/532
f 1645/1645/533 1646/1646/533 1647/1647/533
f 1648/1648/534 1649/1649/534 1650/1650/534
f 1651/1651/535 1652/1652/535 1653/1653/535
f 1654/1654/536 1655/1655/536 1656/1656/536
f 1657/1657/537 1658/1658/537 1659/1659/537
f 1660/1660/538 1661/1661/538 1662/1662/538
f 1663/1663/539 1664/1664/539 1665/1665/539
f 1666/1666/540 1667/1667/540 1668/1668/540
f 1669/1669/541 1670/1670/541 1671/1671/541
f 1672/1672/542 1673/1673/542 1674/1674/542
f 1675/1675/543 1676/1676/543 1677/1677/543
f 1678/1678/544 1679/1679/544 1680/1680/544
f 1681/1681/545 1682/1682/545 1683/1683/545
f 1684/1684/546 1685/1685/546 1686/1686/546
f 1687/1687/547 1688/1688/547 1689/1689/547
f 1690/1690/548 1691/1691/548 1692/1692/548 1693/1693/548
o dbkultimate-2024-12-21-22-56-01-640.013
v 0.187116 4.652019 0.116165
v -0.005786 4.356627 -0.078492
v 0.288889 4.686042 -0.091828
v 0.183832 5.020674 0.099416
v 0.240237 5.060742 -0.050360
v 0.001607 5.162342 0.008155
v -0.005786 4.356627 -0.078492
v -0.003903 4.701194 -0.326498
v 0.206526 4.698594 -0.270829
v 0.001607 5.162342 0.008155
v 0.183152 5.071299 -0.185570
v -0.000150 5.069930 -0.236055
v 0.000803 4.985672 0.200775
v 0.183832 5.020674 0.099416
v 0.001607 5.162342 0.008155
v -0.001754 4.718840 0.182148
v 0.183832 5.020674 0.099416
v 0.000803 4.985672 0.200775
v -0.003067 4.525017 0.245365
v -0.005786 4.356627 -0.078492
v 0.187116 4.652019 0.116165
v -0.192039 4.655491 0.117819
v -0.294843 4.691261 -0.089602
v -0.005786 4.356627 -0.078492
v -0.182544 5.023921 0.100565
v 0.001607 5.162342 0.008155
v -0.239308 5.065211 -0.048768
v -0.005786 4.356627 -0.078492
v -0.213496 4.702434 -0.269318
v -0.003903 4.701194 -0.326498
v -0.183067 5.074679 -0.184289
v 0.001607 5.162342 0.008155
v -0.000150 5.069930 -0.236055
v 0.000803 4.985672 0.200775
v 0.001607 5.162342 0.008155
v -0.182544 5.023921 0.100565
v -0.001754 4.718840 0.182148
v 0.000803 4.985672 0.200775
v -0.182544 5.023921 0.100565
v -0.003067 4.525017 0.245365
v -0.192039 4.655491 0.117819
v -0.005786 4.356627 -0.078492
v -0.192039 4.655491 0.117819
v -0.001754 4.718840 0.182148
v -0.182544 5.023921 0.100565
v -0.001754 4.718840 0.182148
v 0.187116 4.652019 0.116165
v 0.183832 5.020674 0.099416
v -0.003067 4.525017 0.245365
v -0.001754 4.718840 0.182148
v -0.192039 4.655491 0.117819
v -0.003067 4.525017 0.245365
v 0.187116 4.652019 0.116165
v -0.001754 4.718840 0.182148
v -0.005786 4.356627 -0.078492
v 0.206526 4.698594 -0.270829
v 0.288889 4.686042 -0.091828
v -0.005786 4.356627 -0.078492
v -0.294843 4.691261 -0.089602
v -0.213496 4.702434 -0.269318
v -0.239308 5.065211 -0.048768
v 0.001607 5.162342 0.008155
v -0.183067 5.074679 -0.184289
v 0.240237 5.060742 -0.050360
v 0.183152 5.071299 -0.185570
v 0.001607 5.162342 0.008155
v 0.187116 4.652019 0.116165
v 0.288889 4.686042 -0.091828
v 0.240237 5.060742 -0.050360
v 0.183832 5.020674 0.099416
v 0.183152 5.071299 -0.185570
v 0.206526 4.698594 -0.270829
v -0.003903 4.701194 -0.326498
v -0.000150 5.069930 -0.236055
v -0.192039 4.655491 0.117819
v -0.182544 5.023921 0.100565
v -0.239308 5.065211 -0.048768
v -0.294843 4.691261 -0.089602
v -0.183067 5.074679 -0.184289
v -0.000150 5.069930 -0.236055
v -0.003903 4.701194 -0.326498
v -0.213496 4.702434 -0.269318
v 0.240237 5.060742 -0.050360
v 0.288889 4.686042 -0.091828
v 0.206526 4.698594 -0.270829
v 0.183152 5.071299 -0.185570
v -0.239308 5.065211 -0.048768
v -0.183067 5.074679 -0.184289
v -0.213496 4.702434 -0.269318
v -0.294843 4.691261 -0.089602
vn 0.7265 -0.6397 0.2508
vn 0.4398 0.8124 0.3829
vn 0.2030 -0.5727 -0.7942
vn 0.0903 0.9312 -0.3530
vn 0.2276 0.7171 0.6587
vn 0.4930 -0.0653 0.8676
vn 0.6706 -0.6605 0.3378
vn -0.7356 -0.6269 0.2565
vn -0.4220 0.8198 0.3871
vn -0.2195 -0.5691 -0.7924
vn -0.0755 0.9328 -0.3524
vn -0.2105 0.7209 0.6603
vn -0.4878 -0.0561 0.8711
vn -0.6794 -0.6487 0.3430
vn -0.3355 0.0527 0.9406
vn 0.3438 0.0457 0.9379
vn -0.3913 0.2877 0.8741
vn 0.4037 0.2812 0.8706
vn 0.6878 -0.6299 -0.3607
vn -0.7013 -0.6176 -0.3559
vn -0.3558 0.9309 -0.0826
vn 0.3726 0.9241 -0.0852
vn 0.9096 0.0498 0.4125
vn 0.2540 0.2294 -0.9396
vn -0.9055 0.0660 0.4193
vn -0.2567 0.2339 -0.9378
vn 0.9073 0.1538 -0.3914
vn -0.9073 0.1694 -0.3849
vt 0.863281 0.214844
vt 0.785156 0.167969
vt 0.863281 0.128906
vt 0.996094 0.214844
vt 0.996094 0.128906
vt 0.980469 0.167969
vt 0.785156 0.066406
vt 0.863281 0.003906
vt 0.863281 0.066406
vt 0.980469 0.066406
vt 0.996094 0.066406
vt 0.996094 0.003906
vt 0.996094 0.300781
vt 0.996094 0.214844
vt 0.980469 0.253906
vt 0.902344 0.300781
vt 0.996094 0.214844
vt 0.996094 0.300781
vt 0.785156 0.300781
vt 0.785156 0.214844
vt 0.863281 0.214844
vt 0.863281 0.214844
vt 0.863281 0.128906
vt 0.785156 0.167969
vt 0.996094 0.214844
vt 0.980469 0.167969
vt 0.996094 0.128906
vt 0.785156 0.066406
vt 0.863281 0.066406
vt 0.863281 0.003906
vt 0.996094 0.066406
vt 0.980469 0.066406
vt 0.996094 0.003906
vt 0.996094 0.300781
vt 0.980469 0.253906
vt 0.996094 0.214844
vt 0.902344 0.300781
vt 0.996094 0.300781
vt 0.996094 0.214844
vt 0.785156 0.300781
vt 0.863281 0.214844
vt 0.785156 0.214844
vt 0.863281 0.214844
vt 0.902344 0.300781
vt 0.996094 0.214844
vt 0.902344 0.300781
vt 0.863281 0.214844
vt 0.996094 0.214844
vt 0.785156 0.300781
vt 0.902344 0.300781
vt 0.863281 0.214844
vt 0.785156 0.300781
vt 0.863281 0.214844
vt 0.902344 0.300781
vt 0.785156 0.066406
vt 0.863281 0.066406
vt 0.863281 0.128906
vt 0.785156 0.066406
vt 0.863281 0.128906
vt 0.863281 0.066406
vt 0.996094 0.128906
vt 0.980469 0.066406
vt 0.996094 0.066406
vt 0.996094 0.128906
vt 0.996094 0.066406
vt 0.980469 0.066406
vt 0.863281 0.214844
vt 0.863281 0.128906
vt 0.996094 0.128906
vt 0.996094 0.214844
vt 0.996094 0.066406
vt 0.863281 0.066406
vt 0.863281 0.003906
vt 0.996094 0.003906
vt 0.863281 0.214844
vt 0.996094 0.214844
vt 0.996094 0.128906
vt 0.863281 0.128906
vt 0.996094 0.066406
vt 0.996094 0.003906
vt 0.863281 0.003906
vt 0.863281 0.066406
vt 0.996094 0.128906
vt 0.863281 0.128906
vt 0.863281 0.066406
vt 0.996094 0.066406
vt 0.996094 0.128906
vt 0.996094 0.066406
vt 0.863281 0.066406
vt 0.863281 0.128906
s 1
usemtl Material.016
f 1694/1694/549 1695/1695/549 1696/1696/549
f 1697/1697/550 1698/1698/550 1699/1699/550
f 1700/1700/551 1701/1701/551 1702/1702/551
f 1703/1703/552 1704/1704/552 1705/1705/552
f 1706/1706/553 1707/1707/553 1708/1708/553
f 1709/1709/554 1710/1710/554 1711/1711/554
f 1712/1712/555 1713/1713/555 1714/1714/555
f 1715/1715/556 1716/1716/556 1717/1717/556
f 1718/1718/557 1719/1719/557 1720/1720/557
f 1721/1721/558 1722/1722/558 1723/1723/558
f 1724/1724/559 1725/1725/559 1726/1726/559
f 1727/1727/560 1728/1728/560 1729/1729/560
f 1730/1730/561 1731/1731/561 1732/1732/561
f 1733/1733/562 1734/1734/562 1735/1735/562
f 1736/1736/563 1737/1737/563 1738/1738/563
f 1739/1739/564 1740/1740/564 1741/1741/564
f 1742/1742/565 1743/1743/565 1744/1744/565
f 1745/1745/566 1746/1746/566 1747/1747/566
f 1748/1748/567 1749/1749/567 1750/1750/567
f 1751/1751/568 1752/1752/568 1753/1753/568
f 1754/1754/569 1755/1755/569 1756/1756/569
f 1757/1757/570 1758/1758/570 1759/1759/570
f 1760/1760/571 1761/1761/571 1762/1762/571 1763/1763/571
f 1764/1764/572 1765/1765/572 1766/1766/572 1767/1767/572
f 1768/1768/573 1769/1769/573 1770/1770/573 1771/1771/573
f 1772/1772/574 1773/1773/574 1774/1774/574 1775/1775/574
f 1776/1776/575 1777/1777/575 1778/1778/575 1779/1779/575
f 1780/1780/576 1781/1781/576 1782/1782/576 1783/1783/576
o dbkultimate-2024-12-21-22-56-01-640.014
v 1.423045 4.373395 -0.270589
v 1.653918 4.076894 -0.239477
v 1.419446 4.147435 -0.134587
v 1.459455 4.412929 0.057392
v 1.444590 4.209160 0.039512
v 1.680882 4.477910 0.130098
v 1.680882 4.477910 0.130098
v 1.442439 4.521423 -0.102031
v 1.459455 4.412929 0.057392
v 1.675372 4.432034 -0.381691
v 1.666687 4.597229 -0.164534
v 1.926488 4.391710 -0.342105
v 1.419446 4.147435 -0.134587
v 1.444590 4.209160 0.039512
v 1.311987 4.373340 -0.162733
v 1.444590 4.209160 0.039512
v 1.459455 4.412929 0.057392
v 1.311987 4.373340 -0.162733
v 1.311987 4.373340 -0.162733
v 1.442439 4.521423 -0.102031
v 1.423045 4.373395 -0.270589
v 1.423045 4.373395 -0.270589
v 1.419446 4.147435 -0.134587
v 1.311987 4.373340 -0.162733
v 1.666111 4.135121 0.099728
v 1.680882 4.477910 0.130098
v 1.444590 4.209160 0.039512
v 1.666687 4.597229 -0.164534
v 1.675372 4.432034 -0.381691
v 1.423045 4.373395 -0.270589
v 1.666111 4.135121 0.099728
v 1.419446 4.147435 -0.134587
v 1.653918 4.076894 -0.239477
v 1.666687 4.597229 -0.164534
v 1.423045 4.373395 -0.270589
v 1.442439 4.521423 -0.102031
v 1.459455 4.412929 0.057392
v 1.442439 4.521423 -0.102031
v 1.311987 4.373340 -0.162733
v 1.926488 4.391710 -0.342105
v 1.666687 4.597229 -0.164534
v 1.944524 4.551064 -0.138221
v 1.675372 4.432034 -0.381691
v 1.653918 4.076894 -0.239477
v 1.423045 4.373395 -0.270589
v 1.666687 4.597229 -0.164534
v 1.442439 4.521423 -0.102031
v 1.680882 4.477910 0.130098
v 1.444590 4.209160 0.039512
v 1.419446 4.147435 -0.134587
v 1.666111 4.135121 0.099728
v 1.944524 4.551064 -0.138221
v 1.666687 4.597229 -0.164534
v 1.680882 4.477910 0.130098
v 1.949126 4.442750 0.098561
v 1.653918 4.076894 -0.239477
v 1.917002 4.136006 -0.249762
v 1.927155 4.157985 0.065234
v 1.666111 4.135121 0.099728
v 1.917002 4.136006 -0.249762
v 1.653918 4.076894 -0.239477
v 1.675372 4.432034 -0.381691
v 1.926488 4.391710 -0.342105
v 1.680882 4.477910 0.130098
v 1.666111 4.135121 0.099728
v 1.927155 4.157985 0.065234
v 1.949126 4.442750 0.098561
vn -0.4739 -0.4485 -0.7578
vn -0.2948 -0.0622 0.9535
vn -0.3959 0.7390 0.5452
vn 0.2177 0.7810 -0.5854
vn -0.8832 -0.3871 0.2648
vn -0.8317 0.0120 0.5550
vn -0.5160 0.6722 -0.5310
vn -0.6421 -0.3878 -0.6613
vn -0.2841 -0.0725 0.9561
vn -0.4138 0.7165 -0.5616
vn -0.2121 -0.9619 0.1727
vn -0.4013 0.7106 -0.5779
vn -0.7595 0.4972 0.4194
vn 0.1856 0.7662 -0.6153
vn -0.3128 -0.3367 -0.8881
vn -0.2010 0.9046 0.3760
vn -0.3820 -0.8523 0.3573
vn 0.1395 0.9120 0.3857
vn 0.1631 -0.9799 0.1146
vn 0.0662 -0.3606 -0.9304
vn 0.1206 -0.1072 0.9869
vt 0.832031 0.902344
vt 0.910156 0.996094
vt 0.832031 0.996094
vt 0.832031 0.707031
vt 0.832031 0.589844
vt 0.910156 0.699219
vt 0.910156 0.699219
vt 0.832031 0.792969
vt 0.832031 0.707031
vt 0.910156 0.902344
vt 0.910156 0.808594
vt 0.996094 0.902344
vt 0.832031 0.503906
vt 0.832031 0.589844
vt 0.762207 0.647949
vt 0.832031 0.589844
vt 0.832031 0.707031
vt 0.762207 0.647949
vt 0.816406 0.902344
vt 0.832031 0.792969
vt 0.832031 0.902344
vt 0.832031 0.902344
vt 0.832031 0.996094
vt 0.816406 0.902344
vt 0.910156 0.589844
vt 0.910156 0.699219
vt 0.832031 0.589844
vt 0.910156 0.808594
vt 0.910156 0.902344
vt 0.832031 0.902344
vt 0.910156 0.589844
vt 0.832031 0.503906
vt 0.910156 0.503906
vt 0.910156 0.808594
vt 0.832031 0.902344
vt 0.832031 0.792969
vt 0.832031 0.707031
vt 0.832031 0.792969
vt 0.762207 0.647949
vt 0.996094 0.902344
vt 0.910156 0.808594
vt 0.996094 0.792969
vt 0.910156 0.902344
vt 0.910156 0.996094
vt 0.832031 0.902344
vt 0.910156 0.808594
vt 0.832031 0.792969
vt 0.910156 0.699219
vt 0.832031 0.589844
vt 0.832031 0.503906
vt 0.910156 0.589844
vt 0.996094 0.792969
vt 0.910156 0.808594
vt 0.910156 0.699219
vt 0.996094 0.691406
vt 0.910156 0.503906
vt 0.996094 0.503906
vt 0.996094 0.605469
vt 0.910156 0.589844
vt 0.996094 0.996094
vt 0.910156 0.996094
vt 0.910156 0.902344
vt 0.996094 0.902344
vt 0.910156 0.699219
vt 0.910156 0.589844
vt 0.996094 0.605469
vt 0.996094 0.691406
s 1
usemtl Material.009
f 1784/1784/577 1785/1785/577 1786/1786/577
f 1787/1787/578 1788/1788/578 1789/1789/578
f 1790/1790/579 1791/1791/579 1792/1792/579
f 1793/1793/580 1794/1794/580 1795/1795/580
f 1796/1796/581 1797/1797/581 1798/1798/581
f 1799/1799/582 1800/1800/582 1801/1801/582
f 1802/1802/583 1803/1803/583 1804/1804/583
f 1805/1805/584 1806/1806/584 1807/1807/584
f 1808/1808/585 1809/1809/585 1810/1810/585
f 1811/1811/586 1812/1812/586 1813/1813/586
f 1814/1814/587 1815/1815/587 1816/1816/587
f 1817/1817/588 1818/1818/588 1819/1819/588
f 1820/1820/589 1821/1821/589 1822/1822/589
f 1823/1823/590 1824/1824/590 1825/1825/590
f 1826/1826/591 1827/1827/591 1828/1828/591
f 1829/1829/592 1830/1830/592 1831/1831/592
f 1832/1832/593 1833/1833/593 1834/1834/593
f 1835/1835/594 1836/1836/594 1837/1837/594 1838/1838/594
f 1839/1839/595 1840/1840/595 1841/1841/595 1842/1842/595
f 1843/1843/596 1844/1844/596 1845/1845/596 1846/1846/596
f 1847/1847/597 1848/1848/597 1849/1849/597 1850/1850/597
o dbkultimate-2024-12-21-22-56-01-640.015
v -0.006276 3.966353 -0.062250
v 0.366240 3.759873 -0.051359
v 0.309478 3.753461 -0.235750
v -0.006276 3.966353 -0.062250
v -0.007081 3.746741 0.264945
v 0.256020 3.769311 0.131623
v -0.006276 3.966353 -0.062250
v -0.269826 3.765688 0.130600
v -0.007081 3.746741 0.264945
v -0.378269 3.759099 -0.053635
v -0.269826 3.765688 0.130600
v -0.006276 3.966353 -0.062250
v -0.005071 3.730928 -0.342365
v -0.320118 3.752722 -0.237725
v -0.006276 3.966353 -0.062250
v 0.309478 3.753461 -0.235750
v -0.005071 3.730928 -0.342365
v -0.006276 3.966353 -0.062250
v -0.006276 3.966353 -0.062250
v 0.256020 3.769311 0.131623
v 0.366240 3.759873 -0.051359
v -0.320118 3.752722 -0.237725
v -0.378269 3.759099 -0.053635
v -0.006276 3.966353 -0.062250
v -0.005158 2.875892 0.000980
v -0.272936 3.157298 0.162473
v -0.376937 3.155384 -0.020485
v -0.006491 3.137615 0.300926
v -0.272936 3.157298 0.162473
v -0.005158 2.875892 0.000980
v 0.260933 3.158021 0.163992
v -0.006491 3.137615 0.300926
v -0.005158 2.875892 0.000980
v 0.366116 3.156129 -0.018499
v 0.260933 3.158021 0.163992
v -0.005158 2.875892 0.000980
v 0.312991 3.154321 -0.201262
v 0.366116 3.156129 -0.018499
v -0.005158 2.875892 0.000980
v -0.005158 2.875892 0.000980
v -0.004543 3.130738 -0.309846
v 0.312991 3.154321 -0.201262
v -0.005158 2.875892 0.000980
v -0.322669 3.153624 -0.203209
v -0.004543 3.130738 -0.309846
v -0.005158 2.875892 0.000980
v -0.376937 3.155384 -0.020485
v -0.322669 3.153624 -0.203209
v 0.433040 3.446230 -0.034076
v 0.366116 3.156129 -0.018499
v 0.312991 3.154321 -0.201262
v 0.364185 3.433548 -0.267540
v -0.004543 3.130738 -0.309846
v -0.322669 3.153624 -0.203209
v -0.374072 3.432807 -0.269564
v -0.004461 3.402858 -0.401805
v -0.272936 3.157298 0.162473
v -0.334027 3.457831 0.196811
v -0.444489 3.445278 -0.036768
v -0.376937 3.155384 -0.020485
v -0.006893 3.406371 0.369558
v -0.334027 3.457831 0.196811
v -0.272936 3.157298 0.162473
v -0.006491 3.137615 0.300926
v 0.321007 3.458623 0.198882
v -0.006893 3.406371 0.369558
v -0.006491 3.137615 0.300926
v 0.260933 3.158021 0.163992
v 0.312991 3.154321 -0.201262
v -0.004543 3.130738 -0.309846
v -0.004461 3.402858 -0.401805
v 0.364185 3.433548 -0.267540
v 0.321007 3.458623 0.198882
v 0.260933 3.158021 0.163992
v 0.366116 3.156129 -0.018499
v 0.433040 3.446230 -0.034076
v -0.322669 3.153624 -0.203209
v -0.376937 3.155384 -0.020485
v -0.444489 3.445278 -0.036768
v -0.374072 3.432807 -0.269564
v -0.007081 3.746741 0.264945
v -0.269826 3.765688 0.130600
v -0.334027 3.457831 0.196811
v -0.006893 3.406371 0.369558
v 0.256020 3.769311 0.131623
v -0.007081 3.746741 0.264945
v -0.006893 3.406371 0.369558
v 0.321007 3.458623 0.198882
v 0.366240 3.759873 -0.051359
v 0.256020 3.769311 0.131623
v 0.321007 3.458623 0.198882
v 0.433040 3.446230 -0.034076
v 0.309478 3.753461 -0.235750
v 0.366240 3.759873 -0.051359
v 0.433040 3.446230 -0.034076
v 0.364185 3.433548 -0.267540
v 0.364185 3.433548 -0.267540
v -0.004461 3.402858 -0.401805
v -0.005071 3.730928 -0.342365
v 0.309478 3.753461 -0.235750
v -0.004461 3.402858 -0.401805
v -0.374072 3.432807 -0.269564
v -0.320118 3.752722 -0.237725
v -0.005071 3.730928 -0.342365
v -0.374072 3.432807 -0.269564
v -0.444489 3.445278 -0.036768
v -0.378269 3.759099 -0.053635
v -0.320118 3.752722 -0.237725
v -0.444489 3.445278 -0.036768
v -0.334027 3.457831 0.196811
v -0.269826 3.765688 0.130600
v -0.378269 3.759099 -0.053635
vn 0.4810 0.8585 -0.1779
vn 0.2068 0.8121 0.5456
vn -0.2194 0.8103 0.5434
vn -0.4676 0.8494 0.2448
vn -0.1589 0.7555 -0.6356
vn 0.1609 0.7559 -0.6346
vn 0.4657 0.8527 0.2366
vn -0.4818 0.8572 -0.1819
vn -0.5782 -0.7433 0.3365
vn -0.3689 -0.7012 0.6102
vn 0.3671 -0.7001 0.6125
vn 0.5777 -0.7417 0.3407
vn 0.5889 -0.7915 -0.1633
vn 0.2644 -0.7460 -0.6112
vn -0.2591 -0.7466 -0.6127
vn -0.5864 -0.7928 -0.1665
vn 0.9355 -0.2323 -0.2661
vn -0.3339 -0.2888 -0.8973
vn -0.8677 -0.2029 0.4538
vn -0.4736 -0.2060 0.8563
vn 0.4689 -0.2053 0.8590
vn 0.3396 -0.2885 -0.8952
vn 0.8652 -0.2010 0.4593
vn -0.9333 -0.2346 -0.2720
vn -0.4191 0.2698 0.8669
vn 0.4130 0.2709 0.8695
vn 0.8609 0.2423 0.4473
vn 0.9385 0.1866 -0.2906
vn 0.3173 0.1587 -0.9350
vn -0.3122 0.1577 -0.9368
vn -0.9368 0.1847 -0.2973
vn -0.8643 0.2404 0.4418
vt 0.097656 0.000000
vt 0.160156 0.000000
vt 0.160156 0.089844
vt 0.097656 0.160156
vt 0.160156 0.222656
vt 0.160156 0.089844
vt 0.097656 0.160156
vt 0.160156 0.089844
vt 0.160156 0.222656
vt 0.160156 0.000000
vt 0.160156 0.089844
vt 0.097656 0.000000
vt 0.160156 0.222656
vt 0.160156 0.089844
vt 0.097656 0.136719
vt 0.160156 0.089844
vt 0.160156 0.222656
vt 0.097656 0.136719
vt 0.097656 0.000000
vt 0.160156 0.089844
vt 0.160156 0.000000
vt 0.160156 0.089844
vt 0.160156 0.000000
vt 0.097656 0.000000
vt 0.097656 0.000000
vt 0.160156 0.089844
vt 0.160156 0.000000
vt 0.160156 0.222656
vt 0.160156 0.089844
vt 0.097656 0.160156
vt 0.160156 0.089844
vt 0.160156 0.222656
vt 0.097656 0.160156
vt 0.160156 0.000000
vt 0.160156 0.089844
vt 0.097656 0.000000
vt 0.160156 0.089844
vt 0.160156 0.000000
vt 0.097656 0.000000
vt 0.097656 0.136719
vt 0.160156 0.222656
vt 0.160156 0.089844
vt 0.097656 0.136719
vt 0.160156 0.089844
vt 0.160156 0.222656
vt 0.097656 0.000000
vt 0.160156 0.000000
vt 0.160156 0.089844
vt 0.000000 0.000000
vt 0.160156 0.000000
vt 0.160156 0.089844
vt 0.000000 0.089844
vt 0.160156 0.222656
vt 0.160156 0.089844
vt 0.000000 0.089844
vt 0.000000 0.222656
vt 0.160156 0.089844
vt 0.000000 0.089844
vt 0.000000 0.000000
vt 0.160156 0.000000
vt 0.000000 0.222656
vt 0.000000 0.089844
vt 0.160156 0.089844
vt 0.160156 0.222656
vt 0.000000 0.089844
vt 0.000000 0.222656
vt 0.160156 0.222656
vt 0.160156 0.089844
vt 0.160156 0.089844
vt 0.160156 0.222656
vt 0.000000 0.222656
vt 0.000000 0.089844
vt 0.000000 0.089844
vt 0.160156 0.089844
vt 0.160156 0.000000
vt 0.000000 0.000000
vt 0.160156 0.089844
vt 0.160156 0.000000
vt 0.000000 0.000000
vt 0.000000 0.089844
vt 0.160156 0.222656
vt 0.160156 0.089844
vt 0.000000 0.089844
vt 0.000000 0.222656
vt 0.160156 0.089844
vt 0.160156 0.222656
vt 0.000000 0.222656
vt 0.000000 0.089844
vt 0.160156 0.000000
vt 0.160156 0.089844
vt 0.000000 0.089844
vt 0.000000 0.000000
vt 0.160156 0.089844
vt 0.160156 0.000000
vt 0.000000 0.000000
vt 0.000000 0.089844
vt 0.000000 0.089844
vt 0.000000 0.222656
vt 0.160156 0.222656
vt 0.160156 0.089844
vt 0.000000 0.222656
vt 0.000000 0.089844
vt 0.160156 0.089844
vt 0.160156 0.222656
vt 0.000000 0.089844
vt 0.000000 0.000000
vt 0.160156 0.000000
vt 0.160156 0.089844
vt 0.000000 0.000000
vt 0.000000 0.089844
vt 0.160156 0.089844
vt 0.160156 0.000000
s 1
usemtl Material.018
f 1851/1851/598 1852/1852/598 1853/1853/598
f 1854/1854/599 1855/1855/599 1856/1856/599
f 1857/1857/600 1858/1858/600 1859/1859/600
f 1860/1860/601 1861/1861/601 1862/1862/601
f 1863/1863/602 1864/1864/602 1865/1865/602
f 1866/1866/603 1867/1867/603 1868/1868/603
f 1869/1869/604 1870/1870/604 1871/1871/604
f 1872/1872/605 1873/1873/605 1874/1874/605
f 1875/1875/606 1876/1876/606 1877/1877/606
f 1878/1878/607 1879/1879/607 1880/1880/607
f 1881/1881/608 1882/1882/608 1883/1883/608
f 1884/1884/609 1885/1885/609 1886/1886/609
f 1887/1887/610 1888/1888/610 1889/1889/610
f 1890/1890/611 1891/1891/611 1892/1892/611
f 1893/1893/612 1894/1894/612 1895/1895/612
f 1896/1896/613 1897/1897/613 1898/1898/613
f 1899/1899/614 1900/1900/614 1901/1901/614 1902/1902/614
f 1903/1903/615 1904/1904/615 1905/1905/615 1906/1906/615
f 1907/1907/616 1908/1908/616 1909/1909/616 1910/1910/616
f 1911/1911/617 1912/1912/617 1913/1913/617 1914/1914/617
f 1915/1915/618 1916/1916/618 1917/1917/618 1918/1918/618
f 1919/1919/619 1920/1920/619 1921/1921/619 1922/1922/619
f 1923/1923/620 1924/1924/620 1925/1925/620 1926/1926/620
f 1927/1927/621 1928/1928/621 1929/1929/621 1930/1930/621
f 1931/1931/622 1932/1932/622 1933/1933/622 1934/1934/622
f 1935/1935/623 1936/1936/623 1937/1937/623 1938/1938/623
f 1939/1939/624 1940/1940/624 1941/1941/624 1942/1942/624
f 1943/1943/625 1944/1944/625 1945/1945/625 1946/1946/625
f 1947/1947/626 1948/1948/626 1949/1949/626 1950/1950/626
f 1951/1951/627 1952/1952/627 1953/1953/627 1954/1954/627
f 1955/1955/628 1956/1956/628 1957/1957/628 1958/1958/628
f 1959/1959/629 1960/1960/629 1961/1961/629 1962/1962/629
o dbkultimate-2024-12-21-22-56-01-640.016
v -0.755257 4.308056 0.231570
v -0.622765 4.575964 0.134972
v -0.462017 4.066712 0.275341
v -0.826681 4.623516 0.138435
v -0.755257 4.308056 0.231570
v -0.940145 4.283949 -0.131962
v -0.622765 4.575964 0.134972
v -0.826681 4.623516 0.138435
v -0.572328 4.679201 -0.114204
v -0.940145 4.283949 -0.131962
v -0.834964 4.603175 -0.424400
v -0.844390 4.725876 -0.142579
v -0.572328 4.679201 -0.114204
v -0.834964 4.603175 -0.424400
v -0.584486 4.523737 -0.420704
v -0.184361 3.652832 0.013303
v -0.443039 3.905871 -0.372817
v -0.488240 3.763083 -0.026042
v -0.462017 4.066712 0.275341
v 0.037406 4.312309 -0.059975
v -0.184361 3.652832 0.013303
v -0.462017 4.066712 0.275341
v -0.184361 3.652832 0.013303
v -0.488240 3.763083 -0.026042
v -0.184361 3.652832 0.013303
v 0.037406 4.312309 -0.059975
v -0.443039 3.905871 -0.372817
v -0.755257 4.308056 0.231570
v -0.826681 4.623516 0.138435
v -0.622765 4.575964 0.134972
v -0.572328 4.679201 -0.114204
v -0.826681 4.623516 0.138435
v -0.844390 4.725876 -0.142579
v -0.844390 4.725876 -0.142579
v -0.834964 4.603175 -0.424400
v -0.572328 4.679201 -0.114204
v -0.462017 4.066712 0.275341
v -0.622765 4.575964 0.134972
v 0.037406 4.312309 -0.059975
v 0.037406 4.312309 -0.059975
v -0.622765 4.575964 0.134972
v -0.572328 4.679201 -0.114204
v -0.572328 4.679201 -0.114204
v -0.584486 4.523737 -0.420704
v 0.037406 4.312309 -0.059975
v -0.443039 3.905871 -0.372817
v 0.037406 4.312309 -0.059975
v -0.584486 4.523737 -0.420704
v -0.940145 4.283949 -0.131962
v -0.755257 4.308056 0.231570
v -0.729164 4.012653 -0.060651
v -0.826681 4.623516 0.138435
v -0.940145 4.283949 -0.131962
v -0.844390 4.725876 -0.142579
v -0.940145 4.283949 -0.131962
v -0.808828 4.154502 -0.415719
v -0.834964 4.603175 -0.424400
v -0.729164 4.012653 -0.060651
v -0.808828 4.154502 -0.415719
v -0.940145 4.283949 -0.131962
v -0.834964 4.603175 -0.424400
v -0.808828 4.154502 -0.415719
v -0.443039 3.905871 -0.372817
v -0.584486 4.523737 -0.420704
v -0.755257 4.308056 0.231570
v -0.462017 4.066712 0.275341
v -0.488240 3.763083 -0.026042
v -0.729164 4.012653 -0.060651
v -0.488240 3.763083 -0.026042
v -0.443039 3.905871 -0.372817
v -0.808828 4.154502 -0.415719
v -0.729164 4.012653 -0.060651
vn 0.0997 0.2935 0.9507
vn -0.8876 -0.0664 0.4558
vn 0.2137 0.8865 0.4105
vn -0.9705 0.2073 -0.1227
vn 0.2769 0.8525 -0.4434
vn -0.2673 -0.8783 -0.3965
vn 0.5907 -0.1098 0.7994
vn -0.3252 -0.6519 0.6850
vn 0.6871 -0.3044 -0.6598
vn 0.0861 0.3000 0.9501
vn 0.1257 0.9347 0.3325
vn 0.1949 0.9016 -0.3860
vn 0.3930 0.3576 0.8472
vn 0.4407 0.7942 0.4183
vn 0.4971 0.7657 -0.4081
vn 0.5141 0.0513 -0.8562
vn -0.7661 -0.4849 0.4218
vn -0.9672 0.2129 0.1385
vn -0.9162 -0.0610 -0.3961
vn -0.7775 -0.6244 -0.0750
vn 0.0516 -0.0448 -0.9977
vn -0.6005 -0.5628 0.5680
vn -0.5878 -0.7593 -0.2791
vt 0.371094 0.121094
vt 0.324219 0.074219
vt 0.371094 0.074219
vt 0.417969 0.011719
vt 0.457031 0.011719
vt 0.457031 0.113281
vt 0.324219 0.074219
vt 0.324219 0.121094
vt 0.289062 0.074219
vt 0.457031 0.113281
vt 0.457031 0.011719
vt 0.417969 0.011719
vt 0.289062 0.074219
vt 0.253906 0.121094
vt 0.253906 0.074219
vt 0.167969 -0.121094
vt 0.207031 0.074219
vt 0.167969 0.074219
vt 0.371094 0.074219
vt 0.292969 -0.121094
vt 0.410156 -0.121094
vt 0.371094 0.074219
vt 0.410156 -0.121094
vt 0.410156 0.074219
vt 0.167969 -0.121094
vt 0.292969 -0.121094
vt 0.207031 0.074219
vt 0.371094 0.121094
vt 0.324219 0.121094
vt 0.324219 0.074219
vt 0.289062 0.074219
vt 0.324219 0.121094
vt 0.289062 0.121094
vt 0.289062 0.121094
vt 0.253906 0.121094
vt 0.289062 0.074219
vt 0.371094 0.074219
vt 0.324219 0.074219
vt 0.292969 -0.121094
vt 0.292969 -0.121094
vt 0.324219 0.074219
vt 0.289062 0.074219
vt 0.289062 0.074219
vt 0.253906 0.074219
vt 0.292969 -0.121094
vt 0.207031 0.074219
vt 0.292969 -0.121094
vt 0.253906 0.074219
vt 0.457031 0.113281
vt 0.417969 0.011719
vt 0.457031 0.011719
vt 0.457031 0.011719
vt 0.457031 0.113281
vt 0.417969 0.011719
vt 0.457031 0.113281
vt 0.457031 0.011719
vt 0.417969 0.011719
vt 0.457031 0.011719
vt 0.417969 0.011719
vt 0.457031 0.113281
vt 0.253906 0.121094
vt 0.207031 0.121094
vt 0.207031 0.074219
vt 0.253906 0.074219
vt 0.371094 0.121094
vt 0.371094 0.074219
vt 0.410156 0.074219
vt 0.410156 0.121094
vt 0.167969 0.074219
vt 0.207031 0.074219
vt 0.207031 0.121094
vt 0.167969 0.121094
s 1
usemtl Material.006
f 1963/1963/630 1965/1965/630 1964/1964/630
f 1966/1966/631 1968/1968/631 1967/1967/631
f 1969/1969/632 1971/1971/632 1970/1970/632
f 1972/1972/633 1974/1974/633 1973/1973/633
f 1975/1975/634 1977/1977/634 1976/1976/634
f 1978/1978/635 1980/1980/635 1979/1979/635
f 1981/1981/636 1983/1983/636 1982/1982/636
f 1984/1984/637 1986/1986/637 1985/1985/637
f 1987/1987/638 1989/1989/638 1988/1988/638
f 1990/1990/639 1992/1992/639 1991/1991/639
f 1993/1993/640 1995/1995/640 1994/1994/640
f 1996/1996/641 1998/1998/641 1997/1997/641
f 1999/1999/642 2001/2001/642 2000/2000/642
f 2002/2002/643 2004/2004/643 2003/2003/643
f 2005/2005/644 2007/2007/644 2006/2006/644
f 2008/2008/645 2010/2010/645 2009/2009/645
f 2011/2011/646 2013/2013/646 2012/2012/646
f 2014/2014/647 2016/2016/647 2015/2015/647
f 2017/2017/648 2019/2019/648 2018/2018/648
f 2020/2020/649 2022/2022/649 2021/2021/649
f 2023/2023/650 2026/2026/650 2025/2025/650 2024/2024/650
f 2027/2027/651 2030/2030/651 2029/2029/651 2028/2028/651
f 2031/2031/652 2034/2034/652 2033/2033/652 2032/2032/652
o dbkultimate-2024-12-21-22-56-01-640.017
v -0.981449 4.560883 -0.156159
v -0.745676 4.672489 -0.187612
v -0.811984 4.595429 0.067033
v -0.981449 4.560883 -0.156159
v -0.811984 4.595429 0.067033
v -0.995986 4.459238 0.119083
v -0.995986 4.459238 0.119083
v -0.811984 4.595429 0.067033
v -0.887648 4.220866 0.132580
v -1.238233 4.147285 0.086430
v -0.995986 4.459238 0.119083
v -1.022901 4.148540 0.093106
v -1.427842 4.458340 0.008271
v -1.238884 4.435661 0.110259
v -1.427685 4.256168 0.042941
v -1.238233 4.147285 0.086430
v -1.238884 4.435661 0.110259
v -0.995986 4.459238 0.119083
v -1.212650 4.315625 -0.358443
v -1.441912 4.521596 -0.174215
v -1.440625 4.334864 -0.299899
v -1.206411 4.113750 -0.185435
v -1.440625 4.334864 -0.299899
v -1.441911 4.150542 -0.110508
v -0.798064 4.516090 -0.371682
v -1.015108 4.358593 -0.387470
v -0.852019 4.296764 -0.374501
v -1.015108 4.358593 -0.387470
v -0.891400 4.128933 -0.208513
v -0.852019 4.296764 -0.374501
v -1.182022 4.563621 -0.152883
v -1.427842 4.458340 0.008271
v -1.441912 4.521596 -0.174215
v -1.441911 4.150542 -0.110508
v -1.440625 4.334864 -0.299899
v -1.556382 4.336113 -0.291079
v -1.556382 4.336113 -0.291079
v -1.441912 4.521596 -0.174215
v -1.615193 4.356730 -0.170950
v -1.441912 4.521596 -0.174215
v -1.427842 4.458340 0.008271
v -1.552711 4.375412 -0.062115
v -1.615193 4.356730 -0.170950
v -1.441911 4.150542 -0.110508
v -1.556382 4.336113 -0.291079
v -0.891400 4.128933 -0.208513
v -1.206411 4.113750 -0.185435
v -1.022901 4.148540 0.093106
v -1.441911 4.150542 -0.110508
v -1.427685 4.256168 0.042941
v -1.238233 4.147285 0.086430
v -1.022901 4.148540 0.093106
v -0.995986 4.459238 0.119083
v -0.887648 4.220866 0.132580
v -1.552711 4.375412 -0.062115
v -1.427842 4.458340 0.008271
v -1.427685 4.256168 0.042941
v -1.206411 4.113750 -0.185435
v -1.238233 4.147285 0.086430
v -1.022901 4.148540 0.093106
v -1.238884 4.435661 0.110259
v -1.182022 4.563621 -0.152883
v -0.995986 4.459238 0.119083
v -1.015108 4.358593 -0.387470
v -1.182022 4.563621 -0.152883
v -1.212650 4.315625 -0.358443
v -1.206411 4.113750 -0.185435
v -1.015108 4.358593 -0.387470
v -1.212650 4.315625 -0.358443
v -0.981449 4.560883 -0.156159
v -1.182022 4.563621 -0.152883
v -1.015108 4.358593 -0.387470
v -1.440625 4.334864 -0.299899
v -1.441912 4.521596 -0.174215
v -1.556382 4.336113 -0.291079
v -1.427685 4.256168 0.042941
v -1.441911 4.150542 -0.110508
v -1.552711 4.375412 -0.062115
v -1.212650 4.315625 -0.358443
v -1.182022 4.563621 -0.152883
v -1.441912 4.521596 -0.174215
v -0.887648 4.220866 0.132580
v -0.891400 4.128933 -0.208513
v -1.022901 4.148540 0.093106
v -0.745676 4.672489 -0.187612
v -1.015108 4.358593 -0.387470
v -0.798064 4.516090 -0.371682
v -1.206411 4.113750 -0.185435
v -0.891400 4.128933 -0.208513
v -1.015108 4.358593 -0.387470
v -1.206411 4.113750 -0.185435
v -1.212650 4.315625 -0.358443
v -1.440625 4.334864 -0.299899
v -1.615193 4.356730 -0.170950
v -1.441912 4.521596 -0.174215
v -1.552711 4.375412 -0.062115
v -1.552711 4.375412 -0.062115
v -1.441911 4.150542 -0.110508
v -1.615193 4.356730 -0.170950
v -1.427685 4.256168 0.042941
v -1.238884 4.435661 0.110259
v -1.238233 4.147285 0.086430
v -1.182022 4.563621 -0.152883
v -1.238884 4.435661 0.110259
v -1.427842 4.458340 0.008271
v -0.981449 4.560883 -0.156159
v -1.015108 4.358593 -0.387470
v -0.745676 4.672489 -0.187612
v -1.441911 4.150542 -0.110508
v -1.238233 4.147285 0.086430
v -1.206411 4.113750 -0.185435
v -0.995986 4.459238 0.119083
v -1.182022 4.563621 -0.152883
v -0.981449 4.560883 -0.156159
vn -0.4035 0.8996 0.1671
vn -0.5219 0.8088 0.2711
vn 0.1758 0.1351 0.9751
vn -0.0304 -0.0807 0.9963
vn -0.4556 0.1501 0.8774
vn -0.0282 -0.0824 0.9962
vn -0.1639 0.5500 -0.8189
vn -0.3168 -0.6786 -0.6626
vn 0.0770 -0.0061 -0.9970
vn -0.1953 -0.6661 -0.7198
vn -0.1771 0.9256 0.3345
vn -0.0608 -0.7151 -0.6964
vn -0.6296 0.6534 -0.4204
vn -0.6385 0.7106 0.2955
vn -0.7097 -0.6648 -0.2333
vn 0.0544 -0.9946 0.0884
vn -0.5124 -0.6844 0.5186
vn -0.2504 -0.0591 0.9663
vn -0.5552 0.1402 0.8198
vn 0.0020 -0.9924 0.1227
vn -0.1028 0.9031 0.4169
vn -0.2459 0.6364 -0.7311
vn 0.0298 -0.6499 -0.7594
vn -0.0005 0.7528 -0.6583
vn -0.0571 0.5572 -0.8284
vn -0.7859 -0.4730 0.3984
vn -0.0406 0.6406 -0.7668
vn 0.4045 -0.8841 0.2338
vn -0.4930 0.7272 -0.4776
vn -0.0272 -0.6235 -0.7814
vn -0.2419 -0.6357 -0.7331
vn -0.6630 0.7020 0.2601
vn -0.7299 -0.4670 0.4992
vn -0.2665 -0.0800 0.9605
vn -0.1152 0.9029 0.4142
vn -0.4135 0.7144 -0.5646
vn -0.1199 -0.9869 0.1077
vn 0.0185 0.9376 0.3472
vt 0.699219 0.785156
vt 0.652344 0.785156
vt 0.660156 0.738281
vt 0.699219 0.785156
vt 0.660156 0.738281
vt 0.683594 0.699219
vt 0.683594 0.699219
vt 0.660156 0.738281
vt 0.652344 0.605469
vt 0.761719 0.589844
vt 0.683594 0.699219
vt 0.691406 0.605469
vt 0.832031 0.707031
vt 0.761719 0.689941
vt 0.832031 0.589844
vt 0.761719 0.589844
vt 0.761719 0.689941
vt 0.683594 0.699219
vt 0.750488 0.902344
vt 0.832031 0.792969
vt 0.832031 0.902344
vt 0.746094 0.996094
vt 0.832031 0.902344
vt 0.832031 0.996094
vt 0.652344 0.839844
vt 0.683594 0.902344
vt 0.652344 0.902344
vt 0.683594 0.902344
vt 0.644531 0.996094
vt 0.652344 0.902344
vt 0.753906 0.769531
vt 0.832031 0.707031
vt 0.832031 0.792969
vt 0.832031 0.996094
vt 0.832031 0.902344
vt 0.878906 0.902344
vt 0.878906 0.902344
vt 0.832031 0.792969
vt 0.889160 0.902344
vt 0.832031 0.792969
vt 0.832031 0.707031
vt 0.863281 0.644531
vt 0.889160 0.902344
vt 0.832031 0.996094
vt 0.878906 0.902344
vt 0.636719 0.503906
vt 0.746094 0.503906
vt 0.691406 0.605469
vt 0.832031 0.503906
vt 0.832031 0.589844
vt 0.761719 0.589844
vt 0.691406 0.605469
vt 0.683594 0.699219
vt 0.652344 0.605469
vt 0.863281 0.644531
vt 0.832031 0.707031
vt 0.832031 0.589844
vt 0.746094 0.503906
vt 0.761719 0.589844
vt 0.691406 0.605469
vt 0.761719 0.689941
vt 0.753906 0.769531
vt 0.683594 0.699219
vt 0.683594 0.902344
vt 0.753906 0.769531
vt 0.750488 0.902344
vt 0.746094 0.996094
vt 0.683594 0.902344
vt 0.750488 0.902344
vt 0.699219 0.785156
vt 0.753906 0.769531
vt 0.683594 0.902344
vt 0.832031 0.902344
vt 0.832031 0.792969
vt 0.878906 0.902344
vt 0.832031 0.589844
vt 0.832031 0.503906
vt 0.863281 0.644531
vt 0.750488 0.902344
vt 0.753906 0.769531
vt 0.832031 0.792969
vt 0.652344 0.605469
vt 0.636719 0.503906
vt 0.691406 0.605469
vt 0.652344 0.785156
vt 0.683594 0.902344
vt 0.652344 0.839844
vt 0.746094 0.996094
vt 0.644531 0.996094
vt 0.683594 0.902344
vt 0.746094 0.996094
vt 0.750488 0.902344
vt 0.832031 0.902344
vt 0.889160 0.902344
vt 0.832031 0.792969
vt 0.910156 0.902344
vt 0.910156 0.902344
vt 0.832031 0.996094
vt 0.889160 0.902344
vt 0.832031 0.589844
vt 0.761719 0.689941
vt 0.761719 0.589844
vt 0.753906 0.769531
vt 0.761719 0.689941
vt 0.832031 0.707031
vt 0.699219 0.785156
vt 0.683594 0.902344
vt 0.652344 0.785156
vt 0.832031 0.503906
vt 0.761719 0.589844
vt 0.746094 0.503906
vt 0.683594 0.699219
vt 0.753906 0.769531
vt 0.699219 0.785156
s 1
usemtl Material.010
f 2035/2035/653 2037/2037/653 2036/2036/653
f 2038/2038/654 2040/2040/654 2039/2039/654
f 2041/2041/655 2043/2043/655 2042/2042/655
f 2044/2044/656 2046/2046/656 2045/2045/656
f 2047/2047/657 2049/2049/657 2048/2048/657
f 2050/2050/658 2052/2052/658 2051/2051/658
f 2053/2053/659 2055/2055/659 2054/2054/659
f 2056/2056/660 2058/2058/660 2057/2057/660
f 2059/2059/661 2061/2061/661 2060/2060/661
f 2062/2062/662 2064/2064/662 2063/2063/662
f 2065/2065/663 2067/2067/663 2066/2066/663
f 2068/2068/664 2070/2070/664 2069/2069/664
f 2071/2071/665 2073/2073/665 2072/2072/665
f 2074/2074/666 2076/2076/666 2075/2075/666
f 2077/2077/667 2079/2079/667 2078/2078/667
f 2080/2080/668 2082/2082/668 2081/2081/668
f 2083/2083/669 2085/2085/669 2084/2084/669
f 2086/2086/670 2088/2088/670 2087/2087/670
f 2089/2089/671 2091/2091/671 2090/2090/671
f 2092/2092/672 2094/2094/672 2093/2093/672
f 2095/2095/673 2097/2097/673 2096/2096/673
f 2098/2098/674 2100/2100/674 2099/2099/674
f 2101/2101/675 2103/2103/675 2102/2102/675
f 2104/2104/676 2106/2106/676 2105/2105/676
f 2107/2107/677 2109/2109/677 2108/2108/677
f 2110/2110/678 2112/2112/678 2111/2111/678
f 2113/2113/679 2115/2115/679 2114/2114/679
f 2116/2116/680 2118/2118/680 2117/2117/680
f 2119/2119/681 2121/2121/681 2120/2120/681
f 2122/2122/682 2124/2124/682 2123/2123/682
f 2125/2125/683 2127/2127/683 2126/2126/683
f 2128/2128/684 2130/2130/684 2129/2129/684
f 2131/2131/685 2133/2133/685 2132/2132/685
f 2134/2134/686 2136/2136/686 2135/2135/686
f 2137/2137/687 2139/2139/687 2138/2138/687
f 2140/2140/688 2142/2142/688 2141/2141/688
f 2143/2143/689 2145/2145/689 2144/2144/689
f 2146/2146/690 2148/2148/690 2147/2147/690
o dbkultimate-2024-12-21-22-56-01-640.018
v -2.223016 4.306746 -0.072461
v -2.158206 4.361843 -0.325464
v -2.174169 4.512328 -0.122468
v -2.147887 4.131049 -0.240613
v -2.158206 4.361843 -0.325464
v -2.223016 4.306746 -0.072461
v -2.152977 4.157253 0.070727
v -2.223016 4.306746 -0.072461
v -2.176692 4.413134 0.101110
v -2.152977 4.157253 0.070727
v -2.147887 4.131049 -0.240613
v -2.223016 4.306746 -0.072461
v -2.223016 4.306746 -0.072461
v -2.174169 4.512328 -0.122468
v -2.176692 4.413134 0.101110
v -1.956661 4.442750 0.098561
v -1.934690 4.157985 0.065234
v -2.152977 4.157253 0.070727
v -2.176692 4.413134 0.101110
v -1.952060 4.551064 -0.138221
v -1.956661 4.442750 0.098561
v -2.176692 4.413134 0.101110
v -2.174169 4.512328 -0.122468
v -1.924537 4.136006 -0.249762
v -1.934023 4.391710 -0.342105
v -2.158206 4.361843 -0.325464
v -2.147887 4.131049 -0.240613
v -1.924537 4.136006 -0.249762
v -2.147887 4.131049 -0.240613
v -2.152977 4.157253 0.070727
v -1.934690 4.157985 0.065234
v -1.934023 4.391710 -0.342105
v -1.952060 4.551064 -0.138221
v -2.174169 4.512328 -0.122468
v -2.158206 4.361843 -0.325464
vn -0.9619 0.1780 -0.2076
vn -0.9507 -0.1435 -0.2748
vn -0.9366 -0.1256 0.3270
vn -0.9124 -0.4088 0.0195
vn -0.9621 0.2533 0.1015
vn 0.0262 -0.1148 0.9930
vn -0.1232 0.9054 0.4062
vn -0.0274 -0.3431 -0.9389
vn 0.0154 -0.9969 0.0771
vn -0.1636 0.7782 -0.6063
vt 0.417969 0.222656
vt 0.417969 0.121094
vt 0.472656 0.121094
vt 0.472656 0.121094
vt 0.417969 0.121094
vt 0.417969 0.222656
vt 0.472656 0.121094
vt 0.417969 0.222656
vt 0.417969 0.121094
vt 0.472656 0.121094
vt 0.472656 0.121094
vt 0.417969 0.222656
vt 0.417969 0.222656
vt 0.472656 0.121094
vt 0.417969 0.121094
vt 0.503906 0.371094
vt 0.503906 0.496094
vt 0.628906 0.496094
vt 0.628906 0.371094
vt 0.503906 0.292969
vt 0.503906 0.371094
vt 0.628906 0.371094
vt 0.628906 0.292969
vt 0.503906 0.496094
vt 0.503906 0.371094
vt 0.628906 0.371094
vt 0.628906 0.496094
vt 0.503906 0.371094
vt 0.628906 0.371094
vt 0.628906 0.222656
vt 0.503906 0.222656
vt 0.503906 0.222656
vt 0.503906 0.292969
vt 0.628906 0.292969
vt 0.628906 0.222656
s 1
usemtl Material.013
f 2149/2149/691 2151/2151/691 2150/2150/691
f 2152/2152/692 2154/2154/692 2153/2153/692
f 2155/2155/693 2157/2157/693 2156/2156/693
f 2158/2158/694 2160/2160/694 2159/2159/694
f 2161/2161/695 2163/2163/695 2162/2162/695
f 2164/2164/696 2167/2167/696 2166/2166/696 2165/2165/696
f 2168/2168/697 2171/2171/697 2170/2170/697 2169/2169/697
f 2172/2172/698 2175/2175/698 2174/2174/698 2173/2173/698
f 2176/2176/699 2179/2179/699 2178/2178/699 2177/2177/699
f 2180/2180/700 2183/2183/700 2182/2182/700 2181/2181/700
o dbkultimate-2024-12-21-22-56-01-640.019
v -2.698866 4.130023 0.051723
v -2.457818 4.204413 0.226222
v -2.538669 3.938109 0.162998
v -2.205160 4.486729 -0.127110
v -2.488981 4.411805 -0.323126
v -2.201056 4.349997 -0.291964
v -2.201056 4.349997 -0.291964
v -2.046554 4.333301 -0.109453
v -2.205160 4.486729 -0.127110
v -2.488981 4.411805 -0.323126
v -2.583709 4.187186 -0.335509
v -2.458601 4.071696 -0.334336
v -2.205160 4.486729 -0.127110
v -2.210199 4.392690 0.063464
v -2.577614 4.454119 0.132783
v -2.205160 4.486729 -0.127110
v -2.046554 4.333301 -0.109453
v -2.210199 4.392690 0.063464
v -2.201056 4.349997 -0.291964
v -2.218769 4.157392 -0.298560
v -2.046554 4.333301 -0.109453
v -2.215895 4.113174 0.045427
v -2.046554 4.333301 -0.109453
v -2.218769 4.157392 -0.298560
v -2.210199 4.392690 0.063464
v -2.046554 4.333301 -0.109453
v -2.215895 4.113174 0.045427
v -2.538669 3.938109 0.162998
v -2.457818 4.204413 0.226222
v -2.215895 4.113174 0.045427
v -2.205160 4.486729 -0.127110
v -2.577614 4.454119 0.132783
v -2.488981 4.411805 -0.323126
v -2.698866 4.130023 0.051723
v -2.577614 4.454119 0.132783
v -2.457818 4.204413 0.226222
v -2.577614 4.454119 0.132783
v -2.210199 4.392690 0.063464
v -2.457818 4.204413 0.226222
v -2.215895 4.113174 0.045427
v -2.457818 4.204413 0.226222
v -2.210199 4.392690 0.063464
v -2.201056 4.349997 -0.291964
v -2.488981 4.411805 -0.323126
v -2.458601 4.071696 -0.334336
v -2.218769 4.157392 -0.298560
v -2.577614 4.454119 0.132783
v -2.698866 4.130023 0.051723
v -2.583709 4.187186 -0.335509
v -2.488981 4.411805 -0.323126
v -2.538669 3.938109 0.162998
v -2.215895 4.113174 0.045427
v -2.218769 4.157392 -0.298560
v -2.458601 4.071696 -0.334336
v -2.458601 4.071696 -0.334336
v -2.583709 4.187186 -0.335509
v -2.698866 4.130023 0.051723
v -2.538669 3.938109 0.162998
vn -0.5831 -0.0158 0.8122
vn 0.2284 0.7521 -0.6182
vn 0.6359 0.6017 -0.4833
vn 0.0433 0.0368 -0.9984
vn 0.2278 0.8708 0.4357
vn 0.6285 0.6908 0.3575
vn 0.7602 -0.0477 -0.6479
vn 0.7580 -0.6460 -0.0894
vn 0.7147 -0.0595 0.6969
vn 0.4784 -0.3377 0.8106
vn -0.1722 0.9772 -0.1242
vn -0.5901 0.0189 0.8071
vn 0.2369 0.4381 0.8672
vn 0.5818 -0.0642 0.8108
vn 0.1241 0.0361 -0.9916
vn -0.8971 0.3888 -0.2100
vn 0.3968 -0.9047 -0.1548
vn -0.6444 -0.7058 -0.2944
vt 0.179688 0.601562
vt 0.175781 0.832031
vt 0.023438 0.757812
vt 0.476562 0.992188
vt 0.648438 0.757812
vt 0.648438 0.992188
vt 0.007812 0.585938
vt 0.164062 0.429688
vt 0.179688 0.585938
vt 0.648438 0.757812
vt 0.804688 0.601562
vt 0.960938 0.757812
vt 0.476562 0.992188
vt 0.335938 0.992188
vt 0.335938 0.757812
vt 0.179688 0.585938
vt 0.164062 0.429688
vt 0.320312 0.585938
vt 0.007812 0.585938
vt 0.007812 0.289062
vt 0.164062 0.429688
vt 0.320312 0.289062
vt 0.164062 0.429688
vt 0.007812 0.289062
vt 0.320312 0.585938
vt 0.164062 0.429688
vt 0.320312 0.289062
vt 0.023438 0.757812
vt 0.175781 0.832031
vt 0.023438 0.992188
vt 0.476562 0.992188
vt 0.335938 0.757812
vt 0.648438 0.757812
vt 0.179688 0.601562
vt 0.335938 0.757812
vt 0.175781 0.832031
vt 0.335938 0.757812
vt 0.335938 0.992188
vt 0.175781 0.832031
vt 0.023438 0.992188
vt 0.175781 0.832031
vt 0.335938 0.992188
vt 0.648438 0.992188
vt 0.648438 0.757812
vt 0.960938 0.757812
vt 0.960938 0.992188
vt 0.335938 0.757812
vt 0.367188 0.601562
vt 0.632812 0.601562
vt 0.648438 0.757812
vt 0.335938 0.445312
vt 0.335938 0.210938
vt 0.648438 0.210938
vt 0.648438 0.445312
vt 0.648438 0.445312
vt 0.632812 0.601562
vt 0.367188 0.601562
vt 0.335938 0.445312
s 1
usemtl Material.015
f 2184/2184/701 2186/2186/701 2185/2185/701
f 2187/2187/702 2189/2189/702 2188/2188/702
f 2190/2190/703 2192/2192/703 2191/2191/703
f 2193/2193/704 2195/2195/704 2194/2194/704
f 2196/2196/705 2198/2198/705 2197/2197/705
f 2199/2199/706 2201/2201/706 2200/2200/706
f 2202/2202/707 2204/2204/707 2203/2203/707
f 2205/2205/708 2207/2207/708 2206/2206/708
f 2208/2208/709 2210/2210/709 2209/2209/709
f 2211/2211/710 2213/2213/710 2212/2212/710
f 2214/2214/711 2216/2216/711 2215/2215/711
f 2217/2217/712 2219/2219/712 2218/2218/712
f 2220/2220/713 2222/2222/713 2221/2221/713
f 2223/2223/714 2225/2225/714 2224/2224/714
f 2226/2226/715 2229/2229/715 2228/2228/715 2227/2227/715
f 2230/2230/716 2233/2233/716 2232/2232/716 2231/2231/716
f 2234/2234/717 2237/2237/717 2236/2236/717 2235/2235/717
f 2238/2238/718 2241/2241/718 2240/2240/718 2239/2239/718
o dbkultimate-2024-12-21-22-56-01-640.020
v -1.430580 4.373395 -0.270589
v -1.661453 4.076894 -0.239477
v -1.426981 4.147435 -0.134587
v -1.466991 4.412929 0.057392
v -1.452126 4.209160 0.039512
v -1.688418 4.477910 0.130098
v -1.688418 4.477910 0.130098
v -1.449974 4.521423 -0.102031
v -1.466991 4.412929 0.057392
v -1.682907 4.432034 -0.381691
v -1.674222 4.597229 -0.164534
v -1.934023 4.391710 -0.342105
v -1.426981 4.147435 -0.134587
v -1.452126 4.209160 0.039512
v -1.319522 4.373340 -0.162733
v -1.452126 4.209160 0.039512
v -1.466991 4.412929 0.057392
v -1.319522 4.373340 -0.162733
v -1.319522 4.373340 -0.162733
v -1.449974 4.521423 -0.102031
v -1.430580 4.373395 -0.270589
v -1.430580 4.373395 -0.270589
v -1.426981 4.147435 -0.134587
v -1.319522 4.373340 -0.162733
v -1.673647 4.135121 0.099728
v -1.688418 4.477910 0.130098
v -1.452126 4.209160 0.039512
v -1.674222 4.597229 -0.164534
v -1.682907 4.432034 -0.381691
v -1.430580 4.373395 -0.270589
v -1.673647 4.135121 0.099728
v -1.426981 4.147435 -0.134587
v -1.661453 4.076894 -0.239477
v -1.674222 4.597229 -0.164534
v -1.430580 4.373395 -0.270589
v -1.449974 4.521423 -0.102031
v -1.466991 4.412929 0.057392
v -1.449974 4.521423 -0.102031
v -1.319522 4.373340 -0.162733
v -1.934023 4.391710 -0.342105
v -1.674222 4.597229 -0.164534
v -1.952060 4.551064 -0.138221
v -1.682907 4.432034 -0.381691
v -1.661453 4.076894 -0.239477
v -1.430580 4.373395 -0.270589
v -1.674222 4.597229 -0.164534
v -1.449974 4.521423 -0.102031
v -1.688418 4.477910 0.130098
v -1.452126 4.209160 0.039512
v -1.426981 4.147435 -0.134587
v -1.673647 4.135121 0.099728
v -1.952060 4.551064 -0.138221
v -1.674222 4.597229 -0.164534
v -1.688418 4.477910 0.130098
v -1.956661 4.442750 0.098561
v -1.661453 4.076894 -0.239477
v -1.924537 4.136006 -0.249762
v -1.934690 4.157985 0.065234
v -1.673647 4.135121 0.099728
v -1.924537 4.136006 -0.249762
v -1.661453 4.076894 -0.239477
v -1.682907 4.432034 -0.381691
v -1.934023 4.391710 -0.342105
v -1.688418 4.477910 0.130098
v -1.673647 4.135121 0.099728
v -1.934690 4.157985 0.065234
v -1.956661 4.442750 0.098561
vn 0.4739 -0.4485 -0.7578
vn 0.2948 -0.0622 0.9535
vn 0.3959 0.7390 0.5452
vn -0.2177 0.7810 -0.5854
vn 0.8832 -0.3871 0.2648
vn 0.8317 0.0120 0.5550
vn 0.5160 0.6722 -0.5310
vn 0.6421 -0.3878 -0.6613
vn 0.2841 -0.0725 0.9561
vn 0.4138 0.7165 -0.5616
vn 0.2121 -0.9619 0.1727
vn 0.4013 0.7106 -0.5779
vn 0.7595 0.4972 0.4194
vn -0.1856 0.7662 -0.6153
vn 0.3128 -0.3367 -0.8881
vn 0.2010 0.9046 0.3760
vn 0.3820 -0.8523 0.3573
vn -0.1395 0.9120 0.3857
vn -0.1631 -0.9799 0.1146
vn -0.0662 -0.3606 -0.9304
vn -0.1206 -0.1072 0.9869
vt 0.832031 0.902344
vt 0.910156 0.996094
vt 0.832031 0.996094
vt 0.832031 0.707031
vt 0.832031 0.589844
vt 0.910156 0.699219
vt 0.910156 0.699219
vt 0.832031 0.792969
vt 0.832031 0.707031
vt 0.910156 0.902344
vt 0.910156 0.808594
vt 0.996094 0.902344
vt 0.832031 0.503906
vt 0.832031 0.589844
vt 0.762207 0.647949
vt 0.832031 0.589844
vt 0.832031 0.707031
vt 0.762207 0.647949
vt 0.816406 0.902344
vt 0.832031 0.792969
vt 0.832031 0.902344
vt 0.832031 0.902344
vt 0.832031 0.996094
vt 0.816406 0.902344
vt 0.910156 0.589844
vt 0.910156 0.699219
vt 0.832031 0.589844
vt 0.910156 0.808594
vt 0.910156 0.902344
vt 0.832031 0.902344
vt 0.910156 0.589844
vt 0.832031 0.503906
vt 0.910156 0.503906
vt 0.910156 0.808594
vt 0.832031 0.902344
vt 0.832031 0.792969
vt 0.832031 0.707031
vt 0.832031 0.792969
vt 0.762207 0.647949
vt 0.996094 0.902344
vt 0.910156 0.808594
vt 0.996094 0.792969
vt 0.910156 0.902344
vt 0.910156 0.996094
vt 0.832031 0.902344
vt 0.910156 0.808594
vt 0.832031 0.792969
vt 0.910156 0.699219
vt 0.832031 0.589844
vt 0.832031 0.503906
vt 0.910156 0.589844
vt 0.996094 0.792969
vt 0.910156 0.808594
vt 0.910156 0.699219
vt 0.996094 0.691406
vt 0.910156 0.503906
vt 0.996094 0.503906
vt 0.996094 0.605469
vt 0.910156 0.589844
vt 0.996094 0.996094
vt 0.910156 0.996094
vt 0.910156 0.902344
vt 0.996094 0.902344
vt 0.910156 0.699219
vt 0.910156 0.589844
vt 0.996094 0.605469
vt 0.996094 0.691406
s 1
usemtl Material.011
f 2242/2242/719 2244/2244/719 2243/2243/719
f 2245/2245/720 2247/2247/720 2246/2246/720
f 2248/2248/721 2250/2250/721 2249/2249/721
f 2251/2251/722 2253/2253/722 2252/2252/722
f 2254/2254/723 2256/2256/723 2255/2255/723
f 2257/2257/724 2259/2259/724 2258/2258/724
f 2260/2260/725 2262/2262/725 2261/2261/725
f 2263/2263/726 2265/2265/726 2264/2264/726
f 2266/2266/727 2268/2268/727 2267/2267/727
f 2269/2269/728 2271/2271/728 2270/2270/728
f 2272/2272/729 2274/2274/729 2273/2273/729
f 2275/2275/730 2277/2277/730 2276/2276/730
f 2278/2278/731 2280/2280/731 2279/2279/731
f 2281/2281/732 2283/2283/732 2282/2282/732
f 2284/2284/733 2286/2286/733 2285/2285/733
f 2287/2287/734 2289/2289/734 2288/2288/734
f 2290/2290/735 2292/2292/735 2291/2291/735
f 2293/2293/736 2296/2296/736 2295/2295/736 2294/2294/736
f 2297/2297/737 2300/2300/737 2299/2299/737 2298/2298/737
f 2301/2301/738 2304/2304/738 2303/2303/738 2302/2302/738
f 2305/2305/739 2308/2308/739 2307/2307/739 2306/2306/739
o dbkultimate-2024-12-21-22-56-01-640.021
v 0.520045 3.289050 -0.015816
v 0.420627 3.269706 0.212534
v 0.665549 2.806740 -0.008771
v 0.665549 2.806740 -0.008771
v 0.520886 2.771170 0.269423
v 0.521694 2.524474 0.254198
v 0.548536 2.485821 -0.260602
v 0.529855 2.791267 -0.448418
v 0.619481 2.439759 0.004447
v -0.003485 3.534192 -0.003167
v 0.423464 3.280170 -0.321434
v -0.002512 3.249195 -0.418909
v -0.003485 3.534192 -0.003167
v 0.420627 3.269706 0.212534
v 0.520045 3.289050 -0.015816
v -0.426670 3.267500 0.211819
v -0.668905 2.803196 -0.009995
v -0.524617 2.768452 0.268489
v 0.520886 2.771170 0.269423
v -0.002992 3.228347 0.376925
v -0.001905 2.695179 0.416020
v -0.668905 2.803196 -0.009995
v -0.524124 2.521729 0.253403
v -0.524617 2.768452 0.268489
v 0.529855 2.791267 -0.448418
v -0.000517 2.394528 -0.355845
v -0.001414 2.825082 -0.535480
v -0.668905 2.803196 -0.009995
v -0.621135 2.436435 0.003417
v -0.524124 2.521729 0.253403
v -0.525914 3.286323 -0.016925
v -0.003485 3.534192 -0.003167
v -0.428554 3.277961 -0.322117
v -0.003485 3.534192 -0.003167
v -0.002992 3.228347 0.376925
v 0.420627 3.269706 0.212534
v 0.179269 2.463393 0.345243
v 0.392527 2.334090 0.003065
v 0.521694 2.524474 0.254198
v -0.003485 3.534192 -0.003167
v -0.426670 3.267500 0.211819
v -0.002992 3.228347 0.376925
v -0.001905 2.695179 0.416020
v -0.002992 3.228347 0.376925
v -0.524617 2.768452 0.268489
v -0.181555 2.462512 0.344773
v -0.000880 2.373959 0.195373
v -0.001905 2.695179 0.416020
v -0.393579 2.332129 0.002403
v -0.550041 2.483040 -0.261618
v -0.000517 2.394528 -0.355845
v -0.001414 2.825082 -0.535480
v -0.000517 2.394528 -0.355845
v -0.532679 2.788637 -0.449291
v -0.003485 3.534192 -0.003167
v -0.002512 3.249195 -0.418909
v -0.428554 3.277961 -0.322117
v 0.665549 2.806740 -0.008771
v 0.420627 3.269706 0.212534
v 0.520886 2.771170 0.269423
v 0.420627 3.269706 0.212534
v -0.002992 3.228347 0.376925
v 0.520886 2.771170 0.269423
v -0.524617 2.768452 0.268489
v -0.002992 3.228347 0.376925
v -0.426670 3.267500 0.211819
v -0.000880 2.373959 0.195373
v -0.000517 2.394528 -0.355845
v 0.392527 2.334090 0.003065
v -0.524124 2.521729 0.253403
v -0.621135 2.436435 0.003417
v -0.393579 2.332129 0.002403
v 0.392527 2.334090 0.003065
v -0.000517 2.394528 -0.355845
v 0.548536 2.485821 -0.260602
v 0.619481 2.439759 0.004447
v 0.392527 2.334090 0.003065
v 0.548536 2.485821 -0.260602
v -0.000880 2.373959 0.195373
v -0.393579 2.332129 0.002403
v -0.000517 2.394528 -0.355845
v -0.181555 2.462512 0.344773
v -0.393579 2.332129 0.002403
v -0.000880 2.373959 0.195373
v 0.619481 2.439759 0.004447
v 0.665549 2.806740 -0.008771
v 0.521694 2.524474 0.254198
v 0.521694 2.524474 0.254198
v 0.392527 2.334090 0.003065
v 0.619481 2.439759 0.004447
v -0.532679 2.788637 -0.449291
v -0.621135 2.436435 0.003417
v -0.668905 2.803196 -0.009995
v -0.393579 2.332129 0.002403
v -0.621135 2.436435 0.003417
v -0.550041 2.483040 -0.261618
v -0.000880 2.373959 0.195373
v 0.179269 2.463393 0.345243
v -0.001905 2.695179 0.416020
v -0.000880 2.373959 0.195373
v 0.392527 2.334090 0.003065
v 0.179269 2.463393 0.345243
v -0.524124 2.521729 0.253403
v -0.393579 2.332129 0.002403
v -0.181555 2.462512 0.344773
v -0.550041 2.483040 -0.261618
v -0.621135 2.436435 0.003417
v -0.532679 2.788637 -0.449291
v 0.619481 2.439759 0.004447
v 0.529855 2.791267 -0.448418
v 0.665549 2.806740 -0.008771
v -0.003485 3.534192 -0.003167
v 0.520045 3.289050 -0.015816
v 0.423464 3.280170 -0.321434
v -0.525914 3.286323 -0.016925
v -0.668905 2.803196 -0.009995
v -0.426670 3.267500 0.211819
v -0.426670 3.267500 0.211819
v -0.003485 3.534192 -0.003167
v -0.525914 3.286323 -0.016925
v 0.548536 2.485821 -0.260602
v -0.000517 2.394528 -0.355845
v 0.529855 2.791267 -0.448418
v -0.532679 2.788637 -0.449291
v -0.000517 2.394528 -0.355845
v -0.550041 2.483040 -0.261618
v -0.001905 2.695179 0.416020
v 0.179269 2.463393 0.345243
v 0.521694 2.524474 0.254198
v 0.520886 2.771170 0.269423
v -0.002512 3.249195 -0.418909
v 0.423464 3.280170 -0.321434
v 0.529855 2.791267 -0.448418
v -0.001414 2.825082 -0.535480
v -0.428554 3.277961 -0.322117
v -0.002512 3.249195 -0.418909
v -0.001414 2.825082 -0.535480
v -0.532679 2.788637 -0.449291
v 0.520045 3.289050 -0.015816
v 0.665549 2.806740 -0.008771
v 0.529855 2.791267 -0.448418
v 0.423464 3.280170 -0.321434
v -0.525914 3.286323 -0.016925
v -0.428554 3.277961 -0.322117
v -0.532679 2.788637 -0.449291
v -0.668905 2.803196 -0.009995
v -0.524124 2.521729 0.253403
v -0.181555 2.462512 0.344773
v -0.001905 2.695179 0.416020
v -0.524617 2.768452 0.268489
vn 0.8743 0.2697 0.4035
vn 0.8883 -0.0254 0.4587
vn 0.9551 -0.1106 -0.2749
vn 0.0692 0.8229 -0.5639
vn 0.4151 0.8734 0.2547
vn -0.8544 0.2211 0.4703
vn 0.2597 0.0711 0.9631
vn -0.8890 -0.0297 0.4569
vn 0.1258 -0.3818 -0.9157
vn -0.9145 -0.1048 0.3907
vn -0.4198 0.8937 -0.1584
vn 0.1649 0.7685 0.6182
vn 0.2771 -0.8289 0.4859
vn -0.1699 0.7677 0.6179
vn -0.2619 0.0700 0.9626
vn 0.3754 -0.5240 0.7645
vn -0.2110 -0.8973 -0.3878
vn -0.1224 -0.3824 -0.9159
vn -0.0726 0.8226 -0.5640
vn 0.8523 0.2253 0.4720
vn 0.3414 0.1741 0.9236
vn -0.3438 0.1723 0.9231
vn -0.1187 -0.9922 -0.0371
vn -0.3753 -0.8230 0.4264
vn 0.2162 -0.8961 -0.3877
vn 0.4087 -0.8744 -0.2614
vn 0.1238 -0.9916 -0.0369
vn -0.1050 -0.9060 0.4100
vn 0.9144 -0.1007 0.3922
vn 0.3795 -0.8207 0.4270
vn -0.9478 -0.1340 -0.2895
vn -0.4031 -0.8768 -0.2623
vn -0.3744 -0.5258 0.7638
vn 0.1086 -0.9056 0.4099
vn -0.2730 -0.8306 0.4854
vn -0.9541 -0.1154 -0.2762
vn 0.9488 -0.1295 -0.2883
vn 0.4157 0.8958 -0.1574
vn -0.8764 0.2652 0.4021
vn -0.4201 0.8712 0.2539
vn 0.2281 -0.4998 -0.8356
vn -0.2240 -0.5007 -0.8361
vn 0.2743 -0.0681 0.9592
vn 0.1829 0.2734 -0.9443
vn -0.1827 0.2727 -0.9446
vn 0.9156 0.2738 -0.2943
vn -0.9164 0.2695 -0.2958
vn -0.2754 -0.0697 0.9588
vt 0.949219 0.777344
vt 0.949219 0.855469
vt 0.800781 0.777344
vt 0.800781 0.777344
vt 0.800781 0.855469
vt 0.730469 0.855469
vt 0.730469 0.722656
vt 0.800781 0.683594
vt 0.714844 0.777344
vt 1.058594 0.621094
vt 0.949219 0.683594
vt 0.949219 0.535156
vt 1.058594 0.816406
vt 0.949219 0.855469
vt 0.949219 0.777344
vt 0.949219 0.855469
vt 0.800781 0.777344
vt 0.800781 0.855469
vt 0.800781 0.855469
vt 0.949219 0.996094
vt 0.785156 0.996094
vt 0.800781 0.777344
vt 0.730469 0.855469
vt 0.800781 0.855469
vt 0.800781 0.683594
vt 0.707031 0.535156
vt 0.816406 0.535156
vt 0.800781 0.777344
vt 0.714844 0.777344
vt 0.730469 0.855469
vt 0.949219 0.777344
vt 1.058594 0.722656
vt 0.949219 0.683594
vt 1.058594 0.933594
vt 0.949219 0.996094
vt 0.949219 0.855469
vt 0.714844 0.949219
vt 0.644531 0.855469
vt 0.730469 0.855469
vt 1.058594 0.933594
vt 0.949219 0.855469
vt 0.949219 0.996094
vt 0.785156 0.996094
vt 0.949219 0.996094
vt 0.800781 0.855469
vt 0.714844 0.949219
vt 0.691406 0.996094
vt 0.785156 0.996094
vt 0.644531 0.636719
vt 0.730469 0.683594
vt 0.707031 0.535156
vt 0.816406 0.535156
vt 0.707031 0.535156
vt 0.800781 0.683594
vt 1.058594 0.621094
vt 0.949219 0.535156
vt 0.949219 0.683594
vt 0.800781 0.777344
vt 0.949219 0.855469
vt 0.800781 0.855469
vt 0.949219 0.855469
vt 0.949219 0.996094
vt 0.800781 0.855469
vt 0.800781 0.855469
vt 0.949219 0.996094
vt 0.949219 0.855469
vt 0.691406 0.996094
vt 0.613281 0.996094
vt 0.644531 0.855469
vt 0.730469 0.855469
vt 0.714844 0.777344
vt 0.644531 0.777344
vt 0.644531 0.636719
vt 0.707031 0.535156
vt 0.730469 0.683594
vt 0.714844 0.777344
vt 0.644531 0.777344
vt 0.730469 0.722656
vt 0.691406 0.996094
vt 0.644531 0.855469
vt 0.613281 0.996094
vt 0.714844 0.949219
vt 0.644531 0.855469
vt 0.691406 0.996094
vt 0.714844 0.777344
vt 0.800781 0.777344
vt 0.730469 0.855469
vt 0.730469 0.855469
vt 0.644531 0.777344
vt 0.714844 0.777344
vt 0.800781 0.683594
vt 0.714844 0.777344
vt 0.800781 0.777344
vt 0.644531 0.777344
vt 0.714844 0.777344
vt 0.730469 0.722656
vt 0.691406 0.996094
vt 0.714844 0.949219
vt 0.785156 0.996094
vt 0.691406 0.996094
vt 0.644531 0.855469
vt 0.714844 0.949219
vt 0.730469 0.855469
vt 0.644531 0.855469
vt 0.714844 0.949219
vt 0.730469 0.722656
vt 0.714844 0.777344
vt 0.800781 0.683594
vt 0.714844 0.777344
vt 0.800781 0.683594
vt 0.800781 0.777344
vt 1.058594 0.722656
vt 0.949219 0.777344
vt 0.949219 0.683594
vt 0.949219 0.777344
vt 0.800781 0.777344
vt 0.949219 0.855469
vt 0.949219 0.855469
vt 1.058594 0.816406
vt 0.949219 0.777344
vt 0.730469 0.683594
vt 0.707031 0.535156
vt 0.800781 0.683594
vt 0.800781 0.683594
vt 0.707031 0.535156
vt 0.730469 0.683594
vt 0.785156 0.996094
vt 0.714844 0.949219
vt 0.730469 0.855469
vt 0.800781 0.855469
vt 0.949219 0.535156
vt 0.949219 0.683594
vt 0.800781 0.683594
vt 0.816406 0.535156
vt 0.949219 0.683594
vt 0.949219 0.535156
vt 0.816406 0.535156
vt 0.800781 0.683594
vt 0.949219 0.777344
vt 0.800781 0.777344
vt 0.800781 0.683594
vt 0.949219 0.683594
vt 0.949219 0.777344
vt 0.949219 0.683594
vt 0.800781 0.683594
vt 0.800781 0.777344
vt 0.730469 0.855469
vt 0.714844 0.949219
vt 0.785156 0.996094
vt 0.800781 0.855469
s 1
usemtl Material.017
f 2309/2309/740 2310/2310/740 2311/2311/740
f 2312/2312/741 2313/2313/741 2314/2314/741
f 2315/2315/742 2316/2316/742 2317/2317/742
f 2318/2318/743 2319/2319/743 2320/2320/743
f 2321/2321/744 2322/2322/744 2323/2323/744
f 2324/2324/745 2325/2325/745 2326/2326/745
f 2327/2327/746 2328/2328/746 2329/2329/746
f 2330/2330/747 2331/2331/747 2332/2332/747
f 2333/2333/748 2334/2334/748 2335/2335/748
f 2336/2336/749 2337/2337/749 2338/2338/749
f 2339/2339/750 2340/2340/750 2341/2341/750
f 2342/2342/751 2343/2343/751 2344/2344/751
f 2345/2345/752 2346/2346/752 2347/2347/752
f 2348/2348/753 2349/2349/753 2350/2350/753
f 2351/2351/754 2352/2352/754 2353/2353/754
f 2354/2354/755 2355/2355/755 2356/2356/755
f 2357/2357/756 2358/2358/756 2359/2359/756
f 2360/2360/757 2361/2361/757 2362/2362/757
f 2363/2363/758 2364/2364/758 2365/2365/758
f 2366/2366/759 2367/2367/759 2368/2368/759
f 2369/2369/760 2370/2370/760 2371/2371/760
f 2372/2372/761 2373/2373/761 2374/2374/761
f 2375/2375/762 2376/2376/762 2377/2377/762
f 2378/2378/763 2379/2379/763 2380/2380/763
f 2381/2381/764 2382/2382/764 2383/2383/764
f 2384/2384/765 2385/2385/765 2386/2386/765
f 2387/2387/766 2388/2388/766 2389/2389/766
f 2390/2390/767 2391/2391/767 2392/2392/767
f 2393/2393/768 2394/2394/768 2395/2395/768
f 2396/2396/769 2397/2397/769 2398/2398/769
f 2399/2399/770 2400/2400/770 2401/2401/770
f 2402/2402/771 2403/2403/771 2404/2404/771
f 2405/2405/772 2406/2406/772 2407/2407/772
f 2408/2408/773 2409/2409/773 2410/2410/773
f 2411/2411/774 2412/2412/774 2413/2413/774
f 2414/2414/775 2415/2415/775 2416/2416/775
f 2417/2417/776 2418/2418/776 2419/2419/776
f 2420/2420/777 2421/2421/777 2422/2422/777
f 2423/2423/778 2424/2424/778 2425/2425/778
f 2426/2426/779 2427/2427/779 2428/2428/779
f 2429/2429/780 2430/2430/780 2431/2431/780
f 2432/2432/781 2433/2433/781 2434/2434/781
f 2435/2435/782 2436/2436/782 2437/2437/782 2438/2438/782
f 2439/2439/783 2440/2440/783 2441/2441/783 2442/2442/783
f 2443/2443/784 2444/2444/784 2445/2445/784 2446/2446/784
f 2447/2447/785 2448/2448/785 2449/2449/785 2450/2450/785
f 2451/2451/786 2452/2452/786 2453/2453/786 2454/2454/786
f 2455/2455/787 2456/2456/787 2457/2457/787 2458/2458/787
o dbkultimate-2024-12-21-22-56-01-640.022
v 0.356729 1.646278 -0.572604
v -0.063503 1.245197 -0.427138
v 0.098831 1.611954 -0.378432
v 0.634345 0.839836 0.201852
v 0.337971 1.104980 0.445579
v -0.000880 0.825379 0.195694
v 0.597400 0.879584 -0.404713
v 0.325929 0.618127 -0.107463
v 0.065592 0.872276 -0.425464
v 0.893064 1.595866 -0.039629
v 0.833449 1.284767 -0.466116
v 0.657727 1.623913 -0.448787
v -0.000880 0.825379 0.195694
v -0.169892 1.023339 0.100091
v 0.065592 0.872276 -0.425464
v 0.338086 1.612169 0.323873
v -0.202603 1.579646 -0.062083
v -0.191605 1.261621 0.091304
v 0.332547 1.152627 -0.643581
v 0.065592 0.872276 -0.425464
v -0.030118 1.005452 -0.466769
v 0.333624 1.363453 0.456370
v 0.629009 1.608073 0.208867
v 0.338086 1.612169 0.323873
v 0.876801 1.039035 0.132119
v 0.597400 0.879584 -0.404713
v 0.812201 1.043544 -0.441913
v -0.191605 1.261621 0.091304
v -0.202603 1.579646 -0.062083
v -0.063503 1.245197 -0.427138
v -0.202603 1.579646 -0.062083
v 0.338086 1.612169 0.323873
v 0.340273 1.858052 0.031464
v 0.338086 1.612169 0.323873
v 0.629009 1.608073 0.208867
v 0.340273 1.858052 0.031464
v 0.893064 1.595866 -0.039629
v 0.657727 1.623913 -0.448787
v 0.340273 1.858052 0.031464
v 0.098831 1.611954 -0.378432
v 0.340273 1.858052 0.031464
v 0.356729 1.646278 -0.572604
v 0.098831 1.611954 -0.378432
v -0.202603 1.579646 -0.062083
v 0.340273 1.858052 0.031464
v 0.356729 1.646278 -0.572604
v 0.833449 1.284767 -0.466116
v 0.331532 1.355907 -0.619627
v 0.657727 1.623913 -0.448787
v 0.833449 1.284767 -0.466116
v 0.356729 1.646278 -0.572604
v 0.356729 1.646278 -0.572604
v 0.331532 1.355907 -0.619627
v -0.063503 1.245197 -0.427138
v 0.812201 1.043544 -0.441913
v 0.597400 0.879584 -0.404713
v 0.332547 1.152627 -0.643581
v 0.332547 1.152627 -0.643581
v 0.597400 0.879584 -0.404713
v 0.065592 0.872276 -0.425464
v 0.634345 0.839836 0.201852
v 0.876801 1.039035 0.132119
v 0.337971 1.104980 0.445579
v -0.000880 0.825379 0.195694
v 0.337971 1.104980 0.445579
v -0.169892 1.023339 0.100091
v 0.876801 1.039035 0.132119
v 0.634345 0.839836 0.201852
v 0.597400 0.879584 -0.404713
v 0.065592 0.872276 -0.425464
v -0.169892 1.023339 0.100091
v -0.030118 1.005452 -0.466769
v 0.634345 0.839836 0.201852
v -0.000880 0.825379 0.195694
v 0.325929 0.618127 -0.107463
v 0.325929 0.618127 -0.107463
v -0.000880 0.825379 0.195694
v 0.065592 0.872276 -0.425464
v 0.634345 0.839836 0.201852
v 0.325929 0.618127 -0.107463
v 0.597400 0.879584 -0.404713
v 0.338086 1.612169 0.323873
v -0.191605 1.261621 0.091304
v 0.333624 1.363453 0.456370
v 0.356729 1.646278 -0.572604
v 0.340273 1.858052 0.031464
v 0.657727 1.623913 -0.448787
v 0.891043 1.278065 0.123305
v 0.893064 1.595866 -0.039629
v 0.629009 1.608073 0.208867
v 0.891043 1.278065 0.123305
v 0.629009 1.608073 0.208867
v 0.333624 1.363453 0.456370
v 0.340273 1.858052 0.031464
v 0.629009 1.608073 0.208867
v 0.893064 1.595866 -0.039629
v 0.893064 1.595866 -0.039629
v 0.891043 1.278065 0.123305
v 0.833449 1.284767 -0.466116
v -0.063503 1.245197 -0.427138
v -0.202603 1.579646 -0.062083
v 0.098831 1.611954 -0.378432
v 0.876801 1.039035 0.132119
v 0.338432 1.824645 -0.121945
v 0.337971 1.104980 0.445579
v 0.332547 1.152627 -0.643581
v -0.030118 1.005452 -0.466769
v 0.338432 1.824645 -0.121945
v 0.338432 1.824645 -0.121945
v -0.030118 1.005452 -0.466769
v -0.169892 1.023339 0.100091
v 0.338432 1.824645 -0.121945
v -0.169892 1.023339 0.100091
v 0.337971 1.104980 0.445579
v 0.812201 1.043544 -0.441913
v 0.338432 1.824645 -0.121945
v 0.876801 1.039035 0.132119
v 0.332547 1.152627 -0.643581
v 0.338432 1.824645 -0.121945
v 0.812201 1.043544 -0.441913
v 0.833449 1.284767 -0.466116
v 0.339036 0.481619 -0.092953
v 0.331532 1.355907 -0.619627
v 0.333624 1.363453 0.456370
v -0.191605 1.261621 0.091304
v 0.339036 0.481619 -0.092953
v 0.339036 0.481619 -0.092953
v -0.191605 1.261621 0.091304
v -0.063503 1.245197 -0.427138
v 0.339036 0.481619 -0.092953
v -0.063503 1.245197 -0.427138
v 0.331532 1.355907 -0.619627
v 0.891043 1.278065 0.123305
v 0.339036 0.481619 -0.092953
v 0.833449 1.284767 -0.466116
v 0.333624 1.363453 0.456370
v 0.339036 0.481619 -0.092953
v 0.891043 1.278065 0.123305
vn -0.5916 0.3578 -0.7225
vn 0.0081 -0.6718 0.7407
vn 0.0356 -0.7663 -0.6415
vn 0.7938 0.4331 -0.4269
vn -0.7227 -0.6791 -0.1286
vn -0.5591 0.3444 0.7542
vn -0.2419 -0.4418 -0.8639
vn 0.3358 0.4382 0.8338
vn 0.5970 -0.7988 -0.0735
vn -0.9615 -0.1456 -0.2330
vn -0.4501 0.6851 0.5728
vn 0.2567 0.7388 0.6231
vn 0.4042 0.8986 -0.1709
vn -0.3562 0.8787 -0.3178
vn -0.3969 0.8711 -0.2892
vn 0.3065 0.1262 -0.9435
vn 0.3844 0.2446 -0.8902
vn -0.4713 0.1807 -0.8633
vn 0.2368 -0.4994 -0.8334
vn 0.0388 -0.6364 -0.7704
vn 0.4607 -0.2640 0.8474
vn -0.5532 -0.0714 0.8300
vn 0.6169 -0.7820 -0.0888
vn -0.7740 -0.6095 -0.1716
vn 0.0131 -0.8188 0.5739
vn -0.6111 -0.7817 -0.1244
vn 0.6387 -0.7643 -0.0890
vn -0.5750 0.3927 0.7177
vn 0.2002 0.9263 -0.3193
vn 0.6522 0.3425 0.6762
vn 0.5250 0.2025 0.8267
vn 0.4324 0.7977 0.4203
vn 0.9936 -0.0564 -0.0977
vn -0.6872 0.3859 -0.6154
vn 0.4701 0.5463 0.6932
vn -0.5355 0.5208 -0.6649
vn -0.8498 0.4769 -0.2246
vn -0.5352 0.5233 0.6631
vn 0.8349 0.5431 -0.0897
vn 0.4267 0.5522 -0.7162
vn 0.1859 -0.5058 -0.8424
vn -0.4372 -0.4775 0.7622
vn -0.8321 -0.5214 -0.1891
vn -0.2623 -0.4996 -0.8256
vn 0.8297 -0.5513 -0.0873
vn 0.3928 -0.4845 0.7816
vt 0.542969 0.691406
vt 0.613281 0.613281
vt 0.613281 0.691406
vt 0.324219 0.457031
vt 0.238281 0.535156
vt 0.152344 0.457031
vt 0.472656 0.457031
vt 0.542969 0.488281
vt 0.613281 0.457031
vt 0.363281 0.691406
vt 0.472656 0.613281
vt 0.472656 0.691406
vt 0.152344 0.457031
vt 0.113281 0.511719
vt 0.003906 0.457031
vt 0.238281 0.730469
vt 0.113281 0.691406
vt 0.113281 0.613281
vt 0.542969 0.535156
vt 0.613281 0.457031
vt 0.613281 0.511719
vt 0.238281 0.636719
vt 0.300781 0.714844
vt 0.238281 0.730469
vt 0.363281 0.511719
vt 0.472656 0.457031
vt 0.472656 0.511719
vt 0.113281 0.613281
vt 0.113281 0.691406
vt 0.003906 0.613281
vt 0.113281 0.691406
vt 0.238281 0.730469
vt 0.238281 0.761719
vt 0.238281 0.730469
vt 0.300781 0.714844
vt 0.238281 0.761719
vt 0.363281 0.691406
vt 0.472656 0.691406
vt 0.238281 0.761719
vt 0.613281 0.691406
vt 0.542969 0.761719
vt 0.542969 0.691406
vt 0.003906 0.691406
vt 0.113281 0.691406
vt 0.238281 0.761719
vt 0.542969 0.691406
vt 0.472656 0.613281
vt 0.542969 0.636719
vt 0.472656 0.691406
vt 0.472656 0.613281
vt 0.542969 0.691406
vt 0.542969 0.691406
vt 0.542969 0.636719
vt 0.613281 0.613281
vt 0.472656 0.511719
vt 0.472656 0.457031
vt 0.542969 0.535156
vt 0.542969 0.535156
vt 0.472656 0.457031
vt 0.613281 0.457031
vt 0.324219 0.457031
vt 0.363281 0.511719
vt 0.238281 0.535156
vt 0.152344 0.457031
vt 0.238281 0.535156
vt 0.113281 0.511719
vt 0.363281 0.511719
vt 0.324219 0.457031
vt 0.472656 0.457031
vt 0.003906 0.457031
vt 0.113281 0.511719
vt 0.003906 0.511719
vt 0.324219 0.457031
vt 0.152344 0.457031
vt 0.238281 0.488281
vt 0.082031 0.488281
vt 0.152344 0.457031
vt 0.003906 0.457031
vt 0.324219 0.457031
vt 0.402344 0.488281
vt 0.472656 0.457031
vt 0.238281 0.730469
vt 0.113281 0.613281
vt 0.238281 0.636719
vt 0.542969 0.691406
vt 0.542969 0.761719
vt 0.472656 0.691406
vt 0.363281 0.613281
vt 0.363281 0.691406
vt 0.300781 0.714844
vt 0.363281 0.613281
vt 0.300781 0.714844
vt 0.238281 0.636719
vt 0.238281 0.761719
vt 0.300781 0.714844
vt 0.363281 0.691406
vt 0.363281 0.691406
vt 0.363281 0.613281
vt 0.472656 0.613281
vt 0.003906 0.613281
vt 0.113281 0.691406
vt 0.003906 0.691406
vt 0.363281 0.511719
vt 0.300781 0.707031
vt 0.238281 0.535156
vt 0.542969 0.535156
vt 0.613281 0.511719
vt 0.542969 0.707031
vt 0.058594 0.707031
vt 0.003906 0.511719
vt 0.113281 0.511719
vt 0.183594 0.707031
vt 0.113281 0.511719
vt 0.238281 0.535156
vt 0.472656 0.511719
vt 0.410156 0.707031
vt 0.363281 0.511719
vt 0.542969 0.535156
vt 0.542969 0.707031
vt 0.472656 0.511719
vt 0.472656 0.613281
vt 0.542969 0.457031
vt 0.542969 0.636719
vt 0.238281 0.636719
vt 0.113281 0.613281
vt 0.238281 0.457031
vt 0.058594 0.457031
vt 0.113281 0.613281
vt 0.003906 0.613281
vt 0.542969 0.457031
vt 0.613281 0.613281
vt 0.542969 0.636719
vt 0.363281 0.613281
vt 0.417969 0.457031
vt 0.472656 0.613281
vt 0.238281 0.636719
vt 0.238281 0.457031
vt 0.363281 0.613281
s 1
usemtl Material.020
f 2459/2459/788 2460/2460/788 2461/2461/788
f 2462/2462/789 2463/2463/789 2464/2464/789
f 2465/2465/790 2466/2466/790 2467/2467/790
f 2468/2468/791 2469/2469/791 2470/2470/791
f 2471/2471/792 2472/2472/792 2473/2473/792
f 2474/2474/793 2475/2475/793 2476/2476/793
f 2477/2477/794 2478/2478/794 2479/2479/794
f 2480/2480/795 2481/2481/795 2482/2482/795
f 2483/2483/796 2484/2484/796 2485/2485/796
f 2486/2486/797 2487/2487/797 2488/2488/797
f 2489/2489/798 2490/2490/798 2491/2491/798
f 2492/2492/799 2493/2493/799 2494/2494/799
f 2495/2495/800 2496/2496/800 2497/2497/800
f 2498/2498/801 2499/2499/801 2500/2500/801
f 2501/2501/802 2502/2502/802 2503/2503/802
f 2504/2504/803 2505/2505/803 2506/2506/803
f 2507/2507/804 2508/2508/804 2509/2509/804
f 2510/2510/805 2511/2511/805 2512/2512/805
f 2513/2513/806 2514/2514/806 2515/2515/806
f 2516/2516/807 2517/2517/807 2518/2518/807
f 2519/2519/808 2520/2520/808 2521/2521/808
f 2522/2522/809 2523/2523/809 2524/2524/809
f 2525/2525/810 2526/2526/810 2527/2527/810
f 2528/2528/811 2529/2529/811 2530/2530/811
f 2531/2531/812 2532/2532/812 2533/2533/812
f 2534/2534/813 2535/2535/813 2536/2536/813
f 2537/2537/814 2538/2538/814 2539/2539/814
f 2540/2540/815 2541/2541/815 2542/2542/815
f 2543/2543/816 2544/2544/816 2545/2545/816
f 2546/2546/817 2547/2547/817 2548/2548/817
f 2549/2549/818 2550/2550/818 2551/2551/818
f 2552/2552/819 2553/2553/819 2554/2554/819
f 2555/2555/820 2556/2556/820 2557/2557/820
f 2558/2558/821 2559/2559/821 2560/2560/821
f 2561/2561/822 2562/2562/822 2563/2563/822
f 2564/2564/823 2565/2565/823 2566/2566/823
f 2567/2567/824 2568/2568/824 2569/2569/824
f 2570/2570/825 2571/2571/825 2572/2572/825
f 2573/2573/826 2574/2574/826 2575/2575/826
f 2576/2576/827 2577/2577/827 2578/2578/827
f 2579/2579/828 2580/2580/828 2581/2581/828
f 2582/2582/829 2583/2583/829 2584/2584/829
f 2585/2585/830 2586/2586/830 2587/2587/830
f 2588/2588/831 2589/2589/831 2590/2590/831
f 2591/2591/832 2592/2592/832 2593/2593/832
f 2594/2594/833 2595/2595/833 2596/2596/833
o dbkultimate-2024-12-21-22-56-01-640.023
v 0.157122 0.376977 -0.360201
v 0.335281 0.168261 -0.105654
v 0.120929 0.356863 0.102776
v 0.120929 0.356863 0.102776
v 0.335281 0.168261 -0.105654
v 0.328721 0.416142 0.170407
v 0.157122 0.376977 -0.360201
v 0.521495 0.382848 -0.352218
v 0.335281 0.168261 -0.105654
v 0.335281 0.168261 -0.105654
v 0.521495 0.382848 -0.352218
v 0.541283 0.363418 0.111750
v 0.328721 0.416142 0.170407
v 0.335281 0.168261 -0.105654
v 0.541283 0.363418 0.111750
v 0.123855 0.830260 -0.368240
v 0.540494 0.836662 -0.358916
v 0.521495 0.382848 -0.352218
v 0.157122 0.376977 -0.360201
v 0.091037 0.808839 0.134620
v 0.123855 0.830260 -0.368240
v 0.157122 0.376977 -0.360201
v 0.120929 0.356863 0.102776
v 0.540494 0.836662 -0.358916
v 0.558081 0.815836 0.144646
v 0.541283 0.363418 0.111750
v 0.521495 0.382848 -0.352218
v 0.120929 0.356863 0.102776
v 0.328721 0.416142 0.170407
v 0.322545 0.841670 0.201759
v 0.091037 0.808839 0.134620
v 0.322545 0.841670 0.201759
v 0.328721 0.416142 0.170407
v 0.541283 0.363418 0.111750
v 0.558081 0.815836 0.144646
vn -0.7038 -0.7052 -0.0857
vn -0.0051 -0.7441 0.6680
vn 0.0264 -0.7639 -0.6448
vn 0.7190 -0.6925 -0.0597
vn -0.0002 -0.7441 0.6681
vn 0.0224 -0.0159 -0.9996
vn -0.9950 -0.0675 -0.0740
vn 0.9985 -0.0383 -0.0402
vn -0.2769 -0.0803 0.9575
vn 0.2373 -0.0738 0.9686
vt 0.878906 0.372952
vt 0.816406 0.341702
vt 0.761719 0.372952
vt 0.636719 0.372952
vt 0.699219 0.341702
vt 0.699219 0.372952
vt 0.996094 0.372952
vt 0.878906 0.372952
vt 0.933594 0.341702
vt 0.816406 0.341702
vt 0.878906 0.372952
vt 0.761719 0.372952
vt 0.699219 0.372952
vt 0.699219 0.341702
vt 0.761719 0.372952
vt 0.996094 0.497952
vt 0.878906 0.497952
vt 0.878906 0.372952
vt 0.996094 0.372952
vt 0.761719 0.497952
vt 0.878906 0.497952
vt 0.878906 0.372952
vt 0.761719 0.372952
vt 0.878906 0.497952
vt 0.761719 0.497952
vt 0.761719 0.372952
vt 0.878906 0.372952
vt 0.636719 0.372952
vt 0.699219 0.372952
vt 0.699219 0.497952
vt 0.636719 0.497952
vt 0.699219 0.497952
vt 0.699219 0.372952
vt 0.761719 0.372952
vt 0.761719 0.497952
s 1
usemtl Material.026
f 2597/2597/834 2598/2598/834 2599/2599/834
f 2600/2600/835 2601/2601/835 2602/2602/835
f 2603/2603/836 2604/2604/836 2605/2605/836
f 2606/2606/837 2607/2607/837 2608/2608/837
f 2609/2609/838 2610/2610/838 2611/2611/838
f 2612/2612/839 2613/2613/839 2614/2614/839 2615/2615/839
f 2616/2616/840 2617/2617/840 2618/2618/840 2619/2619/840
f 2620/2620/841 2621/2621/841 2622/2622/841 2623/2623/841
f 2624/2624/842 2625/2625/842 2626/2626/842 2627/2627/842
f 2628/2628/843 2629/2629/843 2630/2630/843 2631/2631/843
o dbkultimate-2024-12-21-22-56-01-640.024
v 0.127212 0.348840 0.123350
v 0.088551 0.006775 0.501331
v 0.338010 0.175562 0.512645
v 0.338010 0.175562 0.512645
v 0.611869 0.008094 0.481175
v 0.551506 0.351792 0.066318
v 0.320450 0.564305 -0.057055
v 0.551506 0.351792 0.066318
v 0.481393 0.322276 -0.363583
v 0.148740 0.320476 -0.334157
v 0.075048 0.007251 0.080479
v 0.127212 0.348840 0.123350
v 0.551506 0.351792 0.066318
v 0.631755 0.010161 0.007422
v 0.481393 0.322276 -0.363583
v 0.127212 0.348840 0.123350
v 0.075048 0.007251 0.080479
v 0.088551 0.006775 0.501331
v 0.551506 0.351792 0.066318
v 0.611869 0.008094 0.481175
v 0.631755 0.010161 0.007422
v 0.338010 0.175562 0.512645
v 0.551506 0.351792 0.066318
v 0.320450 0.564305 -0.057055
v 0.127212 0.348840 0.123350
v 0.320450 0.564305 -0.057055
v 0.148740 0.320476 -0.334157
v 0.148740 0.320476 -0.334157
v 0.320450 0.564305 -0.057055
v 0.481393 0.322276 -0.363583
v 0.338010 0.175562 0.512645
v 0.320450 0.564305 -0.057055
v 0.127212 0.348840 0.123350
v 0.088551 0.006775 0.501331
v 0.611869 0.008094 0.481175
v 0.353202 0.099847 0.823401
v 0.611869 0.008094 0.481175
v 0.338010 0.175562 0.512645
v 0.353202 0.099847 0.823401
v 0.338010 0.175562 0.512645
v 0.088551 0.006775 0.501331
v 0.353202 0.099847 0.823401
v 0.481393 0.322276 -0.363583
v 0.631755 0.010161 0.007422
v 0.493676 0.023394 -0.411620
v 0.148740 0.320476 -0.334157
v 0.144331 0.022590 -0.401433
v 0.075048 0.007251 0.080479
v 0.631755 0.010161 0.007422
v 0.075048 0.007251 0.080479
v 0.144331 0.022590 -0.401433
v 0.493676 0.023394 -0.411620
v 0.481393 0.322276 -0.363583
v 0.493676 0.023394 -0.411620
v 0.144331 0.022590 -0.401433
v 0.148740 0.320476 -0.334157
v 0.611869 0.008094 0.481175
v 0.088551 0.006775 0.501331
v 0.075048 0.007251 0.080479
v 0.631755 0.010161 0.007422
vn -0.4814 0.6738 0.5606
vn 0.4900 0.7050 0.5127
vn 0.7137 0.6812 -0.1632
vn -0.9859 0.1576 -0.0562
vn 0.9518 0.2534 -0.1726
vn -0.9886 0.1470 0.0319
vn 0.9742 0.2216 0.0419
vn 0.4255 0.7536 0.5011
vn -0.7729 0.6300 -0.0754
vn -0.0606 0.7677 -0.6380
vn -0.3562 0.7667 0.5341
vn 0.0127 -0.9634 0.2679
vn 0.5282 0.8306 0.1765
vn -0.5532 0.8027 0.2226
vn 0.9469 0.0886 -0.3092
vn -0.9890 0.0464 -0.1407
vn 0.0012 -0.9995 -0.0318
vn -0.0577 0.1887 -0.9803
vn 0.0037 -1.0000 -0.0028
vt 0.574219 0.097656
vt 0.574219 0.003906
vt 0.628906 0.042969
vt 0.628906 0.042969
vt 0.683594 0.003906
vt 0.683594 0.097656
vt 0.628906 0.199219
vt 0.683594 0.097656
vt 0.683594 0.214844
vt 0.574219 0.214844
vt 0.480469 0.097656
vt 0.574219 0.097656
vt 0.683594 0.097656
vt 0.777344 0.097656
vt 0.683594 0.214844
vt 0.574219 0.097656
vt 0.480469 0.097656
vt 0.480469 0.003906
vt 0.683594 0.097656
vt 0.777344 0.003906
vt 0.777344 0.097656
vt 0.628906 0.042969
vt 0.683594 0.097656
vt 0.628906 0.199219
vt 0.574219 0.097656
vt 0.628906 0.199219
vt 0.574219 0.214844
vt 0.683594 0.277344
vt 0.628906 0.246094
vt 0.683594 0.214844
vt 0.628906 0.042969
vt 0.628906 0.199219
vt 0.574219 0.097656
vt 0.753906 0.308594
vt 0.753906 0.332031
vt 0.636719 0.316406
vt 0.683594 0.003906
vt 0.628906 0.042969
vt 0.628906 0.003906
vt 0.628906 0.042969
vt 0.574219 0.003906
vt 0.628906 0.003906
vt 0.683594 0.214844
vt 0.777344 0.097656
vt 0.777344 0.214844
vt 0.574219 0.214844
vt 0.480469 0.214844
vt 0.480469 0.097656
vt 0.894531 0.332031
vt 0.886719 0.308594
vt 0.996094 0.308594
vt 0.996094 0.332031
vt 0.683594 0.214844
vt 0.777344 0.214844
vt 0.777344 0.277344
vt 0.683594 0.277344
vt 0.753906 0.332031
vt 0.753906 0.308594
vt 0.886719 0.308594
vt 0.894531 0.332031
s 1
usemtl Material.027
f 2632/2632/844 2633/2633/844 2634/2634/844
f 2635/2635/845 2636/2636/845 2637/2637/845
f 2638/2638/846 2639/2639/846 2640/2640/846
f 2641/2641/847 2642/2642/847 2643/2643/847
f 2644/2644/848 2645/2645/848 2646/2646/848
f 2647/2647/849 2648/2648/849 2649/2649/849
f 2650/2650/850 2651/2651/850 2652/2652/850
f 2653/2653/851 2654/2654/851 2655/2655/851
f 2656/2656/852 2657/2657/852 2658/2658/852
f 2659/2659/853 2660/2660/853 2661/2661/853
f 2662/2662/854 2663/2663/854 2664/2664/854
f 2665/2665/855 2666/2666/855 2667/2667/855
f 2668/2668/856 2669/2669/856 2670/2670/856
f 2671/2671/857 2672/2672/857 2673/2673/857
f 2674/2674/858 2675/2675/858 2676/2676/858
f 2677/2677/859 2678/2678/859 2679/2679/859
f 2680/2680/860 2681/2681/860 2682/2682/860 2683/2683/860
f 2684/2684/861 2685/2685/861 2686/2686/861 2687/2687/861
f 2688/2688/862 2689/2689/862 2690/2690/862 2691/2691/862
o dbkultimate-2024-12-21-22-56-01-640.025
v -0.527435 2.705101 -0.479321
v -0.354154 1.816132 -0.633704
v -0.019500 2.712343 -0.483878
v -0.892469 1.611666 -0.009407
v -0.571177 2.771191 0.221789
v -0.632269 1.665621 0.244463
v -0.650517 1.802583 -0.488346
v -0.673556 2.757974 -0.009224
v -0.892469 1.611666 -0.009407
v 0.204004 1.628039 -0.018447
v -0.019500 2.712343 -0.483878
v -0.065170 1.811176 -0.493537
v -0.352021 2.714813 0.359885
v 0.204004 1.628039 -0.018447
v -0.337382 1.698475 0.405609
v -0.334591 1.388643 0.227790
v -0.892469 1.611666 -0.009407
v -0.632269 1.665621 0.244463
v -0.354154 1.816132 -0.633704
v -0.342844 1.510674 -0.470317
v -0.065170 1.811176 -0.493537
v -0.337382 1.698475 0.405609
v 0.204004 1.628039 -0.018447
v -0.334591 1.388643 0.227790
v 0.023794 2.770367 0.034200
v -0.352021 2.714813 0.359885
v -0.322216 3.277774 -0.078252
v -0.527435 2.705101 -0.479321
v -0.019500 2.712343 -0.483878
v -0.322216 3.277774 -0.078252
v -0.322216 3.277774 -0.078252
v -0.019500 2.712343 -0.483878
v 0.023794 2.770367 0.034200
v -0.322216 3.277774 -0.078252
v -0.352021 2.714813 0.359885
v -0.571177 2.771191 0.221789
v -0.673556 2.757974 -0.009224
v -0.527435 2.705101 -0.479321
v -0.322216 3.277774 -0.078252
v -0.892469 1.611666 -0.009407
v -0.334591 1.388643 0.227790
v -0.336663 1.326480 -0.070910
v -0.336663 1.326480 -0.070910
v -0.334591 1.388643 0.227790
v 0.204004 1.628039 -0.018447
v -0.527435 2.705101 -0.479321
v -0.650517 1.802583 -0.488346
v -0.354154 1.816132 -0.633704
v -0.019500 2.712343 -0.483878
v -0.354154 1.816132 -0.633704
v -0.065170 1.811176 -0.493537
v -0.650517 1.802583 -0.488346
v -0.342844 1.510674 -0.470317
v -0.354154 1.816132 -0.633704
v -0.336663 1.326480 -0.070910
v -0.342844 1.510674 -0.470317
v -0.892469 1.611666 -0.009407
v 0.204004 1.628039 -0.018447
v -0.342844 1.510674 -0.470317
v -0.336663 1.326480 -0.070910
v -0.352021 2.714813 0.359885
v 0.023794 2.770367 0.034200
v 0.204004 1.628039 -0.018447
v -0.334591 1.388643 0.227790
v -0.632269 1.665621 0.244463
v -0.337382 1.698475 0.405609
v -0.673556 2.757974 -0.009224
v -0.322216 3.277774 -0.078252
v -0.571177 2.771191 0.221789
v -0.892469 1.611666 -0.009407
v -0.673556 2.757974 -0.009224
v -0.571177 2.771191 0.221789
v 0.204004 1.628039 -0.018447
v 0.023794 2.770367 0.034200
v -0.019500 2.712343 -0.483878
v -0.527435 2.705101 -0.479321
v -0.673556 2.757974 -0.009224
v -0.650517 1.802583 -0.488346
v -0.065170 1.811176 -0.493537
v -0.342844 1.510674 -0.470317
v 0.204004 1.628039 -0.018447
v -0.892469 1.611666 -0.009407
v -0.342844 1.510674 -0.470317
v -0.650517 1.802583 -0.488346
v -0.632269 1.665621 0.244463
v -0.571177 2.771191 0.221789
v -0.352021 2.714813 0.359885
v -0.337382 1.698475 0.405609
vn -0.0113 0.1690 -0.9856
vn -0.7030 0.0534 0.7092
vn -0.9051 0.1729 -0.3883
vn 0.8630 -0.0383 -0.5037
vn 0.6196 0.0442 0.7837
vn -0.5040 -0.5802 0.6399
vn 0.3895 -0.4231 -0.8181
vn 0.5251 -0.4201 0.7402
vn 0.5204 0.5071 0.6870
vn -0.0156 0.5773 -0.8164
vn 0.8324 0.5388 -0.1299
vn -0.3143 0.5934 0.7410
vn -0.8068 0.5045 -0.3075
vn -0.4321 -0.8823 0.1866
vn 0.4662 -0.8667 0.1771
vn -0.4419 0.0692 -0.8944
vn 0.4362 -0.0125 -0.8998
vn -0.3772 -0.4476 -0.8108
vn -0.4565 -0.8106 -0.3668
vn 0.4792 -0.7942 -0.3737
vn 0.6477 0.0672 0.7589
vn -0.3851 -0.4620 0.7989
vn -0.7686 0.5605 0.3085
vn -0.9041 0.1726 0.3908
vn 0.9821 0.1595 -0.0999
vn -0.9423 0.1316 -0.3077
vn 0.5873 -0.5858 -0.5585
vn -0.5645 -0.6281 -0.5356
vn -0.5014 0.0388 0.8643
vt 0.472656 0.949219
vt 0.542969 0.738281
vt 0.613281 0.949219
vt 0.363281 0.691406
vt 0.300781 0.949219
vt 0.300781 0.707031
vt 0.472656 0.738281
vt 0.363281 0.949219
vt 0.363281 0.691406
vt 0.113281 0.691406
vt 0.003906 0.949219
vt 0.003906 0.738281
vt 0.238281 0.949219
vt 0.113281 0.691406
vt 0.238281 0.714844
vt 0.238281 0.667969
vt 0.363281 0.691406
vt 0.300781 0.707031
vt 0.199219 0.292969
vt 0.199219 0.347656
vt 0.074219 0.339844
vt 0.238281 0.714844
vt 0.113281 0.691406
vt 0.238281 0.667969
vt 0.113281 0.949219
vt 0.238281 0.949219
vt 0.175781 1.019531
vt 0.472656 0.949219
vt 0.613281 0.949219
vt 0.542969 1.019531
vt 0.050781 1.019531
vt 0.113281 0.949219
vt 0.003906 0.949219
vt 0.300781 1.019531
vt 0.238281 0.949219
vt 0.300781 0.949219
vt 0.363281 0.949219
vt 0.472656 0.949219
vt 0.417969 1.019531
vt 0.363281 0.691406
vt 0.238281 0.667969
vt 0.238281 0.621094
vt 0.238281 0.621094
vt 0.238281 0.667969
vt 0.113281 0.691406
vt 0.472656 0.949219
vt 0.472656 0.738281
vt 0.542969 0.738281
vt 0.613281 0.949219
vt 0.542969 0.738281
vt 0.613281 0.738281
vt 0.324219 0.339844
vt 0.199219 0.347656
vt 0.199219 0.292969
vt 0.199219 0.417969
vt 0.199219 0.347656
vt 0.324219 0.449219
vt 0.074219 0.449219
vt 0.199219 0.347656
vt 0.199219 0.417969
vt 0.238281 0.949219
vt 0.113281 0.949219
vt 0.113281 0.691406
vt 0.238281 0.667969
vt 0.300781 0.707031
vt 0.238281 0.714844
vt 0.363281 0.949219
vt 0.300781 1.019531
vt 0.300781 0.949219
vt 0.363281 0.691406
vt 0.363281 0.949219
vt 0.300781 0.949219
vt 0.113281 0.691406
vt 0.113281 0.949219
vt 0.003906 0.949219
vt 0.472656 0.949219
vt 0.363281 0.949219
vt 0.472656 0.738281
vt 0.074219 0.339844
vt 0.199219 0.347656
vt 0.074219 0.449219
vt 0.324219 0.449219
vt 0.199219 0.347656
vt 0.324219 0.339844
vt 0.300781 0.707031
vt 0.300781 0.949219
vt 0.238281 0.949219
vt 0.238281 0.714844
s 1
usemtl Material.021
f 2692/2692/863 2694/2694/863 2693/2693/863
f 2695/2695/864 2697/2697/864 2696/2696/864
f 2698/2698/865 2700/2700/865 2699/2699/865
f 2701/2701/866 2703/2703/866 2702/2702/866
f 2704/2704/867 2706/2706/867 2705/2705/867
f 2707/2707/868 2709/2709/868 2708/2708/868
f 2710/2710/869 2712/2712/869 2711/2711/869
f 2713/2713/870 2715/2715/870 2714/2714/870
f 2716/2716/871 2718/2718/871 2717/2717/871
f 2719/2719/872 2721/2721/872 2720/2720/872
f 2722/2722/873 2724/2724/873 2723/2723/873
f 2725/2725/874 2727/2727/874 2726/2726/874
f 2728/2728/875 2730/2730/875 2729/2729/875
f 2731/2731/876 2733/2733/876 2732/2732/876
f 2734/2734/877 2736/2736/877 2735/2735/877
f 2737/2737/878 2739/2739/878 2738/2738/878
f 2740/2740/879 2742/2742/879 2741/2741/879
f 2743/2743/880 2745/2745/880 2744/2744/880
f 2746/2746/881 2748/2748/881 2747/2747/881
f 2749/2749/882 2751/2751/882 2750/2750/882
f 2752/2752/883 2754/2754/883 2753/2753/883
f 2755/2755/884 2757/2757/884 2756/2756/884
f 2758/2758/885 2760/2760/885 2759/2759/885
f 2761/2761/886 2763/2763/886 2762/2762/886
f 2764/2764/887 2766/2766/887 2765/2765/887
f 2767/2767/888 2769/2769/888 2768/2768/888
f 2770/2770/889 2772/2772/889 2771/2771/889
f 2773/2773/890 2775/2775/890 2774/2774/890
f 2776/2776/891 2779/2779/891 2778/2778/891 2777/2777/891
o dbkultimate-2024-12-21-22-56-01-640.026
v -0.357005 1.646278 -0.572604
v 0.063227 1.245197 -0.427138
v -0.099107 1.611954 -0.378432
v -0.634622 0.839836 0.201852
v -0.338247 1.104980 0.445579
v 0.000603 0.825379 0.195694
v -0.597676 0.879584 -0.404713
v -0.326205 0.618127 -0.107463
v -0.065868 0.872276 -0.425464
v -0.893340 1.595866 -0.039629
v -0.833726 1.284767 -0.466116
v -0.658003 1.623913 -0.448787
v 0.000603 0.825379 0.195694
v 0.169616 1.023339 0.100091
v -0.065868 0.872276 -0.425464
v -0.338363 1.612169 0.323873
v 0.202326 1.579646 -0.062083
v 0.191329 1.261621 0.091304
v -0.332824 1.152627 -0.643581
v -0.065868 0.872276 -0.425464
v 0.029841 1.005452 -0.466769
v -0.333901 1.363453 0.456370
v -0.629285 1.608073 0.208867
v -0.338363 1.612169 0.323873
v -0.877077 1.039035 0.132119
v -0.597676 0.879584 -0.404713
v -0.812477 1.043544 -0.441913
v 0.191329 1.261621 0.091304
v 0.202326 1.579646 -0.062083
v 0.063227 1.245197 -0.427138
v 0.202326 1.579646 -0.062083
v -0.338363 1.612169 0.323873
v -0.340550 1.858052 0.031464
v -0.338363 1.612169 0.323873
v -0.629285 1.608073 0.208867
v -0.340550 1.858052 0.031464
v -0.893340 1.595866 -0.039629
v -0.658003 1.623913 -0.448787
v -0.340550 1.858052 0.031464
v -0.099107 1.611954 -0.378432
v -0.340550 1.858052 0.031464
v -0.357005 1.646278 -0.572604
v -0.099107 1.611954 -0.378432
v 0.202326 1.579646 -0.062083
v -0.340550 1.858052 0.031464
v -0.357005 1.646278 -0.572604
v -0.833726 1.284767 -0.466116
v -0.331808 1.355907 -0.619627
v -0.658003 1.623913 -0.448787
v -0.833726 1.284767 -0.466116
v -0.357005 1.646278 -0.572604
v -0.357005 1.646278 -0.572604
v -0.331808 1.355907 -0.619627
v 0.063227 1.245197 -0.427138
v -0.812477 1.043544 -0.441913
v -0.597676 0.879584 -0.404713
v -0.332824 1.152627 -0.643581
v -0.332824 1.152627 -0.643581
v -0.597676 0.879584 -0.404713
v -0.065868 0.872276 -0.425464
v -0.634622 0.839836 0.201852
v -0.877077 1.039035 0.132119
v -0.338247 1.104980 0.445579
v 0.000603 0.825379 0.195694
v -0.338247 1.104980 0.445579
v 0.169616 1.023339 0.100091
v -0.877077 1.039035 0.132119
v -0.634622 0.839836 0.201852
v -0.597676 0.879584 -0.404713
v -0.065868 0.872276 -0.425464
v 0.169616 1.023339 0.100091
v 0.029841 1.005452 -0.466769
v -0.634622 0.839836 0.201852
v 0.000603 0.825379 0.195694
v -0.326205 0.618127 -0.107463
v -0.326205 0.618127 -0.107463
v 0.000603 0.825379 0.195694
v -0.065868 0.872276 -0.425464
v -0.634622 0.839836 0.201852
v -0.326205 0.618127 -0.107463
v -0.597676 0.879584 -0.404713
v -0.338363 1.612169 0.323873
v 0.191329 1.261621 0.091304
v -0.333901 1.363453 0.456370
v -0.357005 1.646278 -0.572604
v -0.340550 1.858052 0.031464
v -0.658003 1.623913 -0.448787
v -0.891320 1.278065 0.123305
v -0.893340 1.595866 -0.039629
v -0.629285 1.608073 0.208867
v -0.891320 1.278065 0.123305
v -0.629285 1.608073 0.208867
v -0.333901 1.363453 0.456370
v -0.340550 1.858052 0.031464
v -0.629285 1.608073 0.208867
v -0.893340 1.595866 -0.039629
v -0.893340 1.595866 -0.039629
v -0.891320 1.278065 0.123305
v -0.833726 1.284767 -0.466116
v 0.063227 1.245197 -0.427138
v 0.202326 1.579646 -0.062083
v -0.099107 1.611954 -0.378432
v -0.877077 1.039035 0.132119
v -0.338709 1.824645 -0.121945
v -0.338247 1.104980 0.445579
v -0.332824 1.152627 -0.643581
v 0.029841 1.005452 -0.466769
v -0.338709 1.824645 -0.121945
v -0.338709 1.824645 -0.121945
v 0.029841 1.005452 -0.466769
v 0.169616 1.023339 0.100091
v -0.338709 1.824645 -0.121945
v 0.169616 1.023339 0.100091
v -0.338247 1.104980 0.445579
v -0.812477 1.043544 -0.441913
v -0.338709 1.824645 -0.121945
v -0.877077 1.039035 0.132119
v -0.332824 1.152627 -0.643581
v -0.338709 1.824645 -0.121945
v -0.812477 1.043544 -0.441913
v -0.833726 1.284767 -0.466116
v -0.339313 0.481619 -0.092953
v -0.331808 1.355907 -0.619627
v -0.333901 1.363453 0.456370
v 0.191329 1.261621 0.091304
v -0.339313 0.481619 -0.092953
v -0.339313 0.481619 -0.092953
v 0.191329 1.261621 0.091304
v 0.063227 1.245197 -0.427138
v -0.339313 0.481619 -0.092953
v 0.063227 1.245197 -0.427138
v -0.331808 1.355907 -0.619627
v -0.891320 1.278065 0.123305
v -0.339313 0.481619 -0.092953
v -0.833726 1.284767 -0.466116
v -0.333901 1.363453 0.456370
v -0.339313 0.481619 -0.092953
v -0.891320 1.278065 0.123305
vn 0.5916 0.3578 -0.7225
vn -0.0081 -0.6718 0.7407
vn -0.0356 -0.7663 -0.6415
vn -0.7938 0.4331 -0.4269
vn 0.7227 -0.6791 -0.1286
vn 0.5591 0.3444 0.7542
vn 0.2419 -0.4418 -0.8639
vn -0.3358 0.4382 0.8338
vn -0.5970 -0.7988 -0.0735
vn 0.9615 -0.1456 -0.2330
vn 0.4501 0.6851 0.5728
vn -0.2567 0.7388 0.6231
vn -0.4042 0.8986 -0.1709
vn 0.3562 0.8787 -0.3178
vn 0.3969 0.8711 -0.2892
vn -0.3065 0.1262 -0.9435
vn -0.3844 0.2446 -0.8902
vn 0.4713 0.1807 -0.8633
vn -0.2368 -0.4994 -0.8334
vn -0.0388 -0.6364 -0.7704
vn -0.4607 -0.2640 0.8474
vn 0.5532 -0.0714 0.8300
vn -0.6169 -0.7820 -0.0888
vn 0.7740 -0.6095 -0.1716
vn -0.0131 -0.8188 0.5739
vn 0.6111 -0.7817 -0.1244
vn -0.6387 -0.7643 -0.0890
vn 0.5750 0.3927 0.7177
vn -0.2002 0.9263 -0.3193
vn -0.6522 0.3425 0.6762
vn -0.5250 0.2025 0.8267
vn -0.4324 0.7977 0.4203
vn -0.9936 -0.0564 -0.0977
vn 0.6872 0.3859 -0.6154
vn -0.4701 0.5463 0.6932
vn 0.5355 0.5208 -0.6649
vn 0.8498 0.4769 -0.2246
vn 0.5352 0.5233 0.6631
vn -0.8349 0.5431 -0.0897
vn -0.4267 0.5522 -0.7162
vn -0.1859 -0.5058 -0.8424
vn 0.4372 -0.4775 0.7622
vn 0.8321 -0.5214 -0.1891
vn 0.2623 -0.4996 -0.8256
vn -0.8297 -0.5513 -0.0873
vn -0.3928 -0.4845 0.7816
vt 0.542969 0.691406
vt 0.613281 0.613281
vt 0.613281 0.691406
vt 0.324219 0.457031
vt 0.238281 0.535156
vt 0.152344 0.457031
vt 0.472656 0.457031
vt 0.542969 0.488281
vt 0.613281 0.457031
vt 0.363281 0.691406
vt 0.472656 0.613281
vt 0.472656 0.691406
vt 0.152344 0.457031
vt 0.113281 0.511719
vt 0.003906 0.457031
vt 0.238281 0.730469
vt 0.113281 0.691406
vt 0.113281 0.613281
vt 0.542969 0.535156
vt 0.613281 0.457031
vt 0.613281 0.511719
vt 0.238281 0.636719
vt 0.300781 0.714844
vt 0.238281 0.730469
vt 0.363281 0.511719
vt 0.472656 0.457031
vt 0.472656 0.511719
vt 0.113281 0.613281
vt 0.113281 0.691406
vt 0.003906 0.613281
vt 0.113281 0.691406
vt 0.238281 0.730469
vt 0.238281 0.761719
vt 0.238281 0.730469
vt 0.300781 0.714844
vt 0.238281 0.761719
vt 0.363281 0.691406
vt 0.472656 0.691406
vt 0.238281 0.761719
vt 0.613281 0.691406
vt 0.542969 0.761719
vt 0.542969 0.691406
vt 0.003906 0.691406
vt 0.113281 0.691406
vt 0.238281 0.761719
vt 0.542969 0.691406
vt 0.472656 0.613281
vt 0.542969 0.636719
vt 0.472656 0.691406
vt 0.472656 0.613281
vt 0.542969 0.691406
vt 0.542969 0.691406
vt 0.542969 0.636719
vt 0.613281 0.613281
vt 0.472656 0.511719
vt 0.472656 0.457031
vt 0.542969 0.535156
vt 0.542969 0.535156
vt 0.472656 0.457031
vt 0.613281 0.457031
vt 0.324219 0.457031
vt 0.363281 0.511719
vt 0.238281 0.535156
vt 0.152344 0.457031
vt 0.238281 0.535156
vt 0.113281 0.511719
vt 0.363281 0.511719
vt 0.324219 0.457031
vt 0.472656 0.457031
vt 0.003906 0.457031
vt 0.113281 0.511719
vt 0.003906 0.511719
vt 0.324219 0.457031
vt 0.152344 0.457031
vt 0.238281 0.488281
vt 0.082031 0.488281
vt 0.152344 0.457031
vt 0.003906 0.457031
vt 0.324219 0.457031
vt 0.402344 0.488281
vt 0.472656 0.457031
vt 0.238281 0.730469
vt 0.113281 0.613281
vt 0.238281 0.636719
vt 0.542969 0.691406
vt 0.542969 0.761719
vt 0.472656 0.691406
vt 0.363281 0.613281
vt 0.363281 0.691406
vt 0.300781 0.714844
vt 0.363281 0.613281
vt 0.300781 0.714844
vt 0.238281 0.636719
vt 0.238281 0.761719
vt 0.300781 0.714844
vt 0.363281 0.691406
vt 0.363281 0.691406
vt 0.363281 0.613281
vt 0.472656 0.613281
vt 0.003906 0.613281
vt 0.113281 0.691406
vt 0.003906 0.691406
vt 0.363281 0.511719
vt 0.300781 0.707031
vt 0.238281 0.535156
vt 0.542969 0.535156
vt 0.613281 0.511719
vt 0.542969 0.707031
vt 0.058594 0.707031
vt 0.003906 0.511719
vt 0.113281 0.511719
vt 0.183594 0.707031
vt 0.113281 0.511719
vt 0.238281 0.535156
vt 0.472656 0.511719
vt 0.410156 0.707031
vt 0.363281 0.511719
vt 0.542969 0.535156
vt 0.542969 0.707031
vt 0.472656 0.511719
vt 0.472656 0.613281
vt 0.542969 0.457031
vt 0.542969 0.636719
vt 0.238281 0.636719
vt 0.113281 0.613281
vt 0.238281 0.457031
vt 0.058594 0.457031
vt 0.113281 0.613281
vt 0.003906 0.613281
vt 0.542969 0.457031
vt 0.613281 0.613281
vt 0.542969 0.636719
vt 0.363281 0.613281
vt 0.417969 0.457031
vt 0.472656 0.613281
vt 0.238281 0.636719
vt 0.238281 0.457031
vt 0.363281 0.613281
s 1
usemtl Material.022
f 2780/2780/892 2782/2782/892 2781/2781/892
f 2783/2783/893 2785/2785/893 2784/2784/893
f 2786/2786/894 2788/2788/894 2787/2787/894
f 2789/2789/895 2791/2791/895 2790/2790/895
f 2792/2792/896 2794/2794/896 2793/2793/896
f 2795/2795/897 2797/2797/897 2796/2796/897
f 2798/2798/898 2800/2800/898 2799/2799/898
f 2801/2801/899 2803/2803/899 2802/2802/899
f 2804/2804/900 2806/2806/900 2805/2805/900
f 2807/2807/901 2809/2809/901 2808/2808/901
f 2810/2810/902 2812/2812/902 2811/2811/902
f 2813/2813/903 2815/2815/903 2814/2814/903
f 2816/2816/904 2818/2818/904 2817/2817/904
f 2819/2819/905 2821/2821/905 2820/2820/905
f 2822/2822/906 2824/2824/906 2823/2823/906
f 2825/2825/907 2827/2827/907 2826/2826/907
f 2828/2828/908 2830/2830/908 2829/2829/908
f 2831/2831/909 2833/2833/909 2832/2832/909
f 2834/2834/910 2836/2836/910 2835/2835/910
f 2837/2837/911 2839/2839/911 2838/2838/911
f 2840/2840/912 2842/2842/912 2841/2841/912
f 2843/2843/913 2845/2845/913 2844/2844/913
f 2846/2846/914 2848/2848/914 2847/2847/914
f 2849/2849/915 2851/2851/915 2850/2850/915
f 2852/2852/916 2854/2854/916 2853/2853/916
f 2855/2855/917 2857/2857/917 2856/2856/917
f 2858/2858/918 2860/2860/918 2859/2859/918
f 2861/2861/919 2863/2863/919 2862/2862/919
f 2864/2864/920 2866/2866/920 2865/2865/920
f 2867/2867/921 2869/2869/921 2868/2868/921
f 2870/2870/922 2872/2872/922 2871/2871/922
f 2873/2873/923 2875/2875/923 2874/2874/923
f 2876/2876/924 2878/2878/924 2877/2877/924
f 2879/2879/925 2881/2881/925 2880/2880/925
f 2882/2882/926 2884/2884/926 2883/2883/926
f 2885/2885/927 2887/2887/927 2886/2886/927
f 2888/2888/928 2890/2890/928 2889/2889/928
f 2891/2891/929 2893/2893/929 2892/2892/929
f 2894/2894/930 2896/2896/930 2895/2895/930
f 2897/2897/931 2899/2899/931 2898/2898/931
f 2900/2900/932 2902/2902/932 2901/2901/932
f 2903/2903/933 2905/2905/933 2904/2904/933
f 2906/2906/934 2908/2908/934 2907/2907/934
f 2909/2909/935 2911/2911/935 2910/2910/935
f 2912/2912/936 2914/2914/936 2913/2913/936
f 2915/2915/937 2917/2917/937 2916/2916/937
o dbkultimate-2024-12-21-22-56-01-640.027
v -0.157398 0.376977 -0.360201
v -0.335558 0.168261 -0.105654
v -0.121206 0.356863 0.102776
v -0.121206 0.356863 0.102776
v -0.335558 0.168261 -0.105654
v -0.328997 0.416142 0.170407
v -0.157398 0.376977 -0.360201
v -0.521771 0.382848 -0.352218
v -0.335558 0.168261 -0.105654
v -0.335558 0.168261 -0.105654
v -0.521771 0.382848 -0.352218
v -0.541560 0.363418 0.111750
v -0.328997 0.416142 0.170407
v -0.335558 0.168261 -0.105654
v -0.541560 0.363418 0.111750
v -0.124131 0.830260 -0.368240
v -0.540770 0.836662 -0.358916
v -0.521771 0.382848 -0.352218
v -0.157398 0.376977 -0.360201
v -0.091313 0.808839 0.134620
v -0.124131 0.830260 -0.368240
v -0.157398 0.376977 -0.360201
v -0.121206 0.356863 0.102776
v -0.540770 0.836662 -0.358916
v -0.558358 0.815836 0.144646
v -0.541560 0.363418 0.111750
v -0.521771 0.382848 -0.352218
v -0.121206 0.356863 0.102776
v -0.328997 0.416142 0.170407
v -0.322821 0.841670 0.201759
v -0.091313 0.808839 0.134620
v -0.322821 0.841670 0.201759
v -0.328997 0.416142 0.170407
v -0.541560 0.363418 0.111750
v -0.558358 0.815836 0.144646
vn 0.7038 -0.7052 -0.0857
vn 0.0051 -0.7441 0.6680
vn -0.0264 -0.7639 -0.6448
vn -0.7190 -0.6925 -0.0597
vn 0.0002 -0.7441 0.6681
vn -0.0224 -0.0159 -0.9996
vn 0.9950 -0.0675 -0.0740
vn -0.9985 -0.0383 -0.0402
vn 0.2769 -0.0803 0.9575
vn -0.2373 -0.0738 0.9686
vt 0.878906 0.372952
vt 0.816406 0.341702
vt 0.761719 0.372952
vt 0.636719 0.372952
vt 0.699219 0.341702
vt 0.699219 0.372952
vt 0.996094 0.372952
vt 0.878906 0.372952
vt 0.933594 0.341702
vt 0.816406 0.341702
vt 0.878906 0.372952
vt 0.761719 0.372952
vt 0.699219 0.372952
vt 0.699219 0.341702
vt 0.761719 0.372952
vt 0.996094 0.497952
vt 0.878906 0.497952
vt 0.878906 0.372952
vt 0.996094 0.372952
vt 0.761719 0.497952
vt 0.878906 0.497952
vt 0.878906 0.372952
vt 0.761719 0.372952
vt 0.878906 0.497952
vt 0.761719 0.497952
vt 0.761719 0.372952
vt 0.878906 0.372952
vt 0.636719 0.372952
vt 0.699219 0.372952
vt 0.699219 0.497952
vt 0.636719 0.497952
vt 0.699219 0.497952
vt 0.699219 0.372952
vt 0.761719 0.372952
vt 0.761719 0.497952
s 1
usemtl Material.028
f 2918/2918/938 2920/2920/938 2919/2919/938
f 2921/2921/939 2923/2923/939 2922/2922/939
f 2924/2924/940 2926/2926/940 2925/2925/940
f 2927/2927/941 2929/2929/941 2928/2928/941
f 2930/2930/942 2932/2932/942 2931/2931/942
f 2933/2933/943 2936/2936/943 2935/2935/943 2934/2934/943
f 2937/2937/944 2940/2940/944 2939/2939/944 2938/2938/944
f 2941/2941/945 2944/2944/945 2943/2943/945 2942/2942/945
f 2945/2945/946 2948/2948/946 2947/2947/946 2946/2946/946
f 2949/2949/947 2952/2952/947 2951/2951/947 2950/2950/947
o dbkultimate-2024-12-21-22-56-01-640.028
v -0.127488 0.348840 0.123350
v -0.088828 0.006775 0.501331
v -0.338286 0.175562 0.512645
v -0.338286 0.175562 0.512645
v -0.612145 0.008094 0.481175
v -0.551782 0.351792 0.066318
v -0.320727 0.564305 -0.057055
v -0.551782 0.351792 0.066318
v -0.481670 0.322276 -0.363583
v -0.149017 0.320476 -0.334157
v -0.075325 0.007251 0.080479
v -0.127488 0.348840 0.123350
v -0.551782 0.351792 0.066318
v -0.632032 0.010161 0.007422
v -0.481670 0.322276 -0.363583
v -0.127488 0.348840 0.123350
v -0.075325 0.007251 0.080479
v -0.088828 0.006775 0.501331
v -0.551782 0.351792 0.066318
v -0.612145 0.008094 0.481175
v -0.632032 0.010161 0.007422
v -0.338286 0.175562 0.512645
v -0.551782 0.351792 0.066318
v -0.320727 0.564305 -0.057055
v -0.127488 0.348840 0.123350
v -0.320727 0.564305 -0.057055
v -0.149017 0.320476 -0.334157
v -0.149017 0.320476 -0.334157
v -0.320727 0.564305 -0.057055
v -0.481670 0.322276 -0.363583
v -0.338286 0.175562 0.512645
v -0.320727 0.564305 -0.057055
v -0.127488 0.348840 0.123350
v -0.088828 0.006775 0.501331
v -0.612145 0.008094 0.481175
v -0.353479 0.099847 0.823401
v -0.612145 0.008094 0.481175
v -0.338286 0.175562 0.512645
v -0.353479 0.099847 0.823401
v -0.338286 0.175562 0.512645
v -0.088828 0.006775 0.501331
v -0.353479 0.099847 0.823401
v -0.481670 0.322276 -0.363583
v -0.632032 0.010161 0.007422
v -0.493952 0.023394 -0.411620
v -0.149017 0.320476 -0.334157
v -0.144607 0.022590 -0.401433
v -0.075325 0.007251 0.080479
v -0.632032 0.010161 0.007422
v -0.075325 0.007251 0.080479
v -0.144607 0.022590 -0.401433
v -0.493952 0.023394 -0.411620
v -0.481670 0.322276 -0.363583
v -0.493952 0.023394 -0.411620
v -0.144607 0.022590 -0.401433
v -0.149017 0.320476 -0.334157
v -0.612145 0.008094 0.481175
v -0.088828 0.006775 0.501331
v -0.075325 0.007251 0.080479
v -0.632032 0.010161 0.007422
vn 0.4814 0.6738 0.5606
vn -0.4900 0.7050 0.5127
vn -0.7137 0.6812 -0.1632
vn 0.9859 0.1576 -0.0562
vn -0.9518 0.2534 -0.1726
vn 0.9886 0.1470 0.0319
vn -0.9742 0.2216 0.0419
vn -0.4255 0.7536 0.5011
vn 0.7729 0.6300 -0.0754
vn 0.0606 0.7677 -0.6380
vn 0.3562 0.7667 0.5341
vn -0.0127 -0.9634 0.2679
vn -0.5282 0.8306 0.1765
vn 0.5532 0.8027 0.2226
vn -0.9469 0.0886 -0.3092
vn 0.9890 0.0464 -0.1407
vn -0.0012 -0.9995 -0.0318
vn 0.0577 0.1887 -0.9803
vn -0.0037 -1.0000 -0.0028
vt 0.574219 0.097656
vt 0.574219 0.003906
vt 0.628906 0.042969
vt 0.628906 0.042969
vt 0.683594 0.003906
vt 0.683594 0.097656
vt 0.628906 0.199219
vt 0.683594 0.097656
vt 0.683594 0.214844
vt 0.574219 0.214844
vt 0.480469 0.097656
vt 0.574219 0.097656
vt 0.683594 0.097656
vt 0.777344 0.097656
vt 0.683594 0.214844
vt 0.574219 0.097656
vt 0.480469 0.097656
vt 0.480469 0.003906
vt 0.683594 0.097656
vt 0.777344 0.003906
vt 0.777344 0.097656
vt 0.628906 0.042969
vt 0.683594 0.097656
vt 0.628906 0.199219
vt 0.574219 0.097656
vt 0.628906 0.199219
vt 0.574219 0.214844
vt 0.683594 0.277344
vt 0.628906 0.246094
vt 0.683594 0.214844
vt 0.628906 0.042969
vt 0.628906 0.199219
vt 0.574219 0.097656
vt 0.753906 0.308594
vt 0.753906 0.332031
vt 0.636719 0.316406
vt 0.683594 0.003906
vt 0.628906 0.042969
vt 0.628906 0.003906
vt 0.628906 0.042969
vt 0.574219 0.003906
vt 0.628906 0.003906
vt 0.683594 0.214844
vt 0.777344 0.097656
vt 0.777344 0.214844
vt 0.574219 0.214844
vt 0.480469 0.214844
vt 0.480469 0.097656
vt 0.894531 0.332031
vt 0.886719 0.308594
vt 0.996094 0.308594
vt 0.996094 0.332031
vt 0.683594 0.214844
vt 0.777344 0.214844
vt 0.777344 0.277344
vt 0.683594 0.277344
vt 0.753906 0.332031
vt 0.753906 0.308594
vt 0.886719 0.308594
vt 0.894531 0.332031
s 1
usemtl Material.029
f 2953/2953/948 2955/2955/948 2954/2954/948
f 2956/2956/949 2958/2958/949 2957/2957/949
f 2959/2959/950 2961/2961/950 2960/2960/950
f 2962/2962/951 2964/2964/951 2963/2963/951
f 2965/2965/952 2967/2967/952 2966/2966/952
f 2968/2968/953 2970/2970/953 2969/2969/953
f 2971/2971/954 2973/2973/954 2972/2972/954
f 2974/2974/955 2976/2976/955 2975/2975/955
f 2977/2977/956 2979/2979/956 2978/2978/956
f 2980/2980/957 2982/2982/957 2981/2981/957
f 2983/2983/958 2985/2985/958 2984/2984/958
f 2986/2986/959 2988/2988/959 2987/2987/959
f 2989/2989/960 2991/2991/960 2990/2990/960
f 2992/2992/961 2994/2994/961 2993/2993/961
f 2995/2995/962 2997/2997/962 2996/2996/962
f 2998/2998/963 3000/3000/963 2999/2999/963
f 3001/3001/964 3004/3004/964 3003/3003/964 3002/3002/964
f 3005/3005/965 3008/3008/965 3007/3007/965 3006/3006/965
f 3009/3009/966 3012/3012/966 3011/3011/966 3010/3010/966
o dbkultimate-2024-12-21-22-56-01-640.029
v -0.719006 4.441100 0.110171
v -0.949529 4.497631 0.197404
v -0.732168 4.641483 -0.108015
v -0.675285 4.180295 0.084043
v -0.772685 4.093899 -0.186563
v -0.939832 4.138282 0.133867
v -0.719006 4.441100 0.110171
v -0.732168 4.641483 -0.108015
v -0.580181 4.363146 -0.121622
v -0.675285 4.180295 0.084043
v -0.949529 4.497631 0.197404
v -0.719006 4.441100 0.110171
v -0.953948 4.486617 -0.455057
v -0.752441 4.201297 -0.325662
v -0.712888 4.454449 -0.363869
v -0.712888 4.454449 -0.363869
v -0.752441 4.201297 -0.325662
v -0.580181 4.363146 -0.121622
v -0.939832 4.138282 0.133867
v -0.976389 4.420712 -0.201760
v -0.949529 4.497631 0.197404
v -0.719006 4.441100 0.110171
v -0.580181 4.363146 -0.121622
v -0.675285 4.180295 0.084043
v -0.580181 4.363146 -0.121622
v -0.772685 4.093899 -0.186563
v -0.675285 4.180295 0.084043
v -0.580181 4.363146 -0.121622
v -0.732168 4.641483 -0.108015
v -0.712888 4.454449 -0.363869
v -0.953948 4.486617 -0.455057
v -0.979806 4.686048 -0.194414
v -0.976389 4.420712 -0.201760
v -0.976389 4.420712 -0.201760
v -0.979806 4.686048 -0.194414
v -0.949529 4.497631 0.197404
v -0.982953 4.076822 -0.162260
v -0.976389 4.420712 -0.201760
v -0.939832 4.138282 0.133867
v -0.976825 4.208858 -0.373986
v -0.976389 4.420712 -0.201760
v -0.982953 4.076822 -0.162260
v -0.772685 4.093899 -0.186563
v -0.976825 4.208858 -0.373986
v -0.982953 4.076822 -0.162260
v -0.953948 4.486617 -0.455057
v -0.976389 4.420712 -0.201760
v -0.976825 4.208858 -0.373986
v -0.772685 4.093899 -0.186563
v -0.752441 4.201297 -0.325662
v -0.976825 4.208858 -0.373986
v -0.580181 4.363146 -0.121622
v -0.752441 4.201297 -0.325662
v -0.772685 4.093899 -0.186563
v -0.976825 4.208858 -0.373986
v -0.752441 4.201297 -0.325662
v -0.953948 4.486617 -0.455057
v -0.939832 4.138282 0.133867
v -0.772685 4.093899 -0.186563
v -0.982953 4.076822 -0.162260
v -0.732168 4.641483 -0.108015
v -0.949529 4.497631 0.197404
v -0.979806 4.686048 -0.194414
v -0.939832 4.138282 0.133867
v -0.949529 4.497631 0.197404
v -0.675285 4.180295 0.084043
v -0.732168 4.641483 -0.108015
v -0.979806 4.686048 -0.194414
v -0.953948 4.486617 -0.455057
v -0.712888 4.454449 -0.363869
vn 0.3984 0.6874 0.6073
vn 0.1953 -0.9525 0.2338
vn 0.8292 0.4357 0.3501
vn 0.3460 -0.0359 0.9376
vn 0.3250 -0.1906 -0.9263
vn 0.8225 -0.2084 -0.5291
vn -0.9964 -0.0401 0.0748
vn 0.8679 0.0967 0.4873
vn 0.8210 -0.5588 -0.1171
vn 0.8365 0.4705 -0.2809
vn -0.9958 -0.0103 -0.0909
vn -0.9974 -0.0148 0.0700
vn -0.9900 0.0346 0.1370
vn -0.9997 0.0170 -0.0183
vn 0.0078 -0.8486 -0.5290
vn -0.9955 0.0609 -0.0724
vn 0.1021 -0.7945 -0.5986
vn 0.8118 -0.5133 -0.2782
vn 0.1922 -0.2895 -0.9377
vn 0.1011 -0.9769 0.1880
vn 0.0113 0.9015 0.4326
vn 0.2078 -0.1649 0.9642
vn 0.3208 0.7716 -0.5493
vt 0.167969 0.222656
vt 0.167969 0.128906
vt 0.269531 0.222656
vt 0.269531 0.222656
vt 0.167969 0.222656
vt 0.269531 0.128906
vt 0.167969 0.222656
vt 0.269531 0.222656
vt 0.269531 0.191406
vt 0.269531 0.222656
vt 0.410156 0.128906
vt 0.410156 0.222656
vt 0.339844 0.128906
vt 0.375000 0.222656
vt 0.339844 0.222656
vt 0.339844 0.222656
vt 0.375000 0.222656
vt 0.269531 0.191406
vt 0.777344 0.300781
vt 0.636719 0.292969
vt 0.777344 0.285156
vt 0.410156 0.222656
vt 0.269531 0.191406
vt 0.269531 0.222656
vt 0.269531 0.191406
vt 0.167969 0.222656
vt 0.269531 0.222656
vt 0.269531 0.191406
vt 0.269531 0.222656
vt 0.339844 0.222656
vt 0.777344 0.285156
vt 0.777344 0.300781
vt 0.636719 0.292969
vt 0.636719 0.292969
vt 0.777344 0.285156
vt 0.777344 0.300781
vt 0.777344 0.300781
vt 0.636719 0.292969
vt 0.777344 0.285156
vt 0.777344 0.292969
vt 0.636719 0.292969
vt 0.777344 0.285156
vt 0.410156 0.222656
vt 0.375000 0.128906
vt 0.410156 0.128906
vt 0.777344 0.300781
vt 0.636719 0.292969
vt 0.777344 0.292969
vt 0.410156 0.222656
vt 0.375000 0.222656
vt 0.375000 0.128906
vt 0.269531 0.191406
vt 0.375000 0.222656
vt 0.410156 0.222656
vt 0.375000 0.128906
vt 0.375000 0.222656
vt 0.339844 0.128906
vt 0.269531 0.128906
vt 0.167969 0.222656
vt 0.167969 0.128906
vt 0.269531 0.222656
vt 0.167969 0.128906
vt 0.269531 0.128906
vt 0.269531 0.128906
vt 0.410156 0.128906
vt 0.269531 0.222656
vt 0.269531 0.222656
vt 0.269531 0.128906
vt 0.339844 0.128906
vt 0.339844 0.222656
s 1
usemtl Material.003
f 3013/3013/967 3015/3015/967 3014/3014/967
f 3016/3016/968 3018/3018/968 3017/3017/968
f 3019/3019/969 3021/3021/969 3020/3020/969
f 3022/3022/970 3024/3024/970 3023/3023/970
f 3025/3025/971 3027/3027/971 3026/3026/971
f 3028/3028/972 3030/3030/972 3029/3029/972
f 3031/3031/973 3033/3033/973 3032/3032/973
f 3034/3034/974 3036/3036/974 3035/3035/974
f 3037/3037/975 3039/3039/975 3038/3038/975
f 3040/3040/976 3042/3042/976 3041/3041/976
f 3043/3043/977 3045/3045/977 3044/3044/977
f 3046/3046/978 3048/3048/978 3047/3047/978
f 3049/3049/979 3051/3051/979 3050/3050/979
f 3052/3052/980 3054/3054/980 3053/3053/980
f 3055/3055/981 3057/3057/981 3056/3056/981
f 3058/3058/982 3060/3060/982 3059/3059/982
f 3061/3061/983 3063/3063/983 3062/3062/983
f 3064/3064/984 3066/3066/984 3065/3065/984
f 3067/3067/985 3069/3069/985 3068/3068/985
f 3070/3070/986 3072/3072/986 3071/3071/986
f 3073/3073/987 3075/3075/987 3074/3074/987
f 3076/3076/988 3078/3078/988 3077/3077/988
f 3079/3079/989 3082/3082/989 3081/3081/989 3080/3080/989
o dbkultimate-2024-12-21-22-56-01-640.030
v 0.711470 4.441100 0.110171
v 0.941994 4.497631 0.197404
v 0.724633 4.641483 -0.108015
v 0.667749 4.180295 0.084043
v 0.765150 4.093899 -0.186563
v 0.932297 4.138282 0.133867
v 0.711470 4.441100 0.110171
v 0.724633 4.641483 -0.108015
v 0.572646 4.363146 -0.121622
v 0.667749 4.180295 0.084043
v 0.941994 4.497631 0.197404
v 0.711470 4.441100 0.110171
v 0.946413 4.486617 -0.455057
v 0.744906 4.201297 -0.325662
v 0.705353 4.454449 -0.363869
v 0.705353 4.454449 -0.363869
v 0.744906 4.201297 -0.325662
v 0.572646 4.363146 -0.121622
v 0.932297 4.138282 0.133867
v 0.968854 4.420712 -0.201760
v 0.941994 4.497631 0.197404
v 0.711470 4.441100 0.110171
v 0.572646 4.363146 -0.121622
v 0.667749 4.180295 0.084043
v 0.572646 4.363146 -0.121622
v 0.765150 4.093899 -0.186563
v 0.667749 4.180295 0.084043
v 0.572646 4.363146 -0.121622
v 0.724633 4.641483 -0.108015
v 0.705353 4.454449 -0.363869
v 0.946413 4.486617 -0.455057
v 0.972271 4.686048 -0.194414
v 0.968854 4.420712 -0.201760
v 0.968854 4.420712 -0.201760
v 0.972271 4.686048 -0.194414
v 0.941994 4.497631 0.197404
v 0.975418 4.076822 -0.162260
v 0.968854 4.420712 -0.201760
v 0.932297 4.138282 0.133867
v 0.969290 4.208858 -0.373986
v 0.968854 4.420712 -0.201760
v 0.975418 4.076822 -0.162260
v 0.765150 4.093899 -0.186563
v 0.969290 4.208858 -0.373986
v 0.975418 4.076822 -0.162260
v 0.946413 4.486617 -0.455057
v 0.968854 4.420712 -0.201760
v 0.969290 4.208858 -0.373986
v 0.765150 4.093899 -0.186563
v 0.744906 4.201297 -0.325662
v 0.969290 4.208858 -0.373986
v 0.572646 4.363146 -0.121622
v 0.744906 4.201297 -0.325662
v 0.765150 4.093899 -0.186563
v 0.969290 4.208858 -0.373986
v 0.744906 4.201297 -0.325662
v 0.946413 4.486617 -0.455057
v 0.932297 4.138282 0.133867
v 0.765150 4.093899 -0.186563
v 0.975418 4.076822 -0.162260
v 0.724633 4.641483 -0.108015
v 0.941994 4.497631 0.197404
v 0.972271 4.686048 -0.194414
v 0.932297 4.138282 0.133867
v 0.941994 4.497631 0.197404
v 0.667749 4.180295 0.084043
v 0.724633 4.641483 -0.108015
v 0.972271 4.686048 -0.194414
v 0.946413 4.486617 -0.455057
v 0.705353 4.454449 -0.363869
vn -0.3984 0.6874 0.6073
vn -0.1953 -0.9525 0.2338
vn -0.8292 0.4357 0.3501
vn -0.3460 -0.0359 0.9376
vn -0.3250 -0.1906 -0.9263
vn -0.8225 -0.2084 -0.5291
vn 0.9964 -0.0401 0.0748
vn -0.8679 0.0967 0.4873
vn -0.8210 -0.5588 -0.1171
vn -0.8365 0.4705 -0.2809
vn 0.9958 -0.0103 -0.0909
vn 0.9974 -0.0148 0.0700
vn 0.9900 0.0346 0.1370
vn 0.9997 0.0170 -0.0183
vn -0.0078 -0.8486 -0.5290
vn 0.9955 0.0609 -0.0724
vn -0.1021 -0.7945 -0.5986
vn -0.8118 -0.5133 -0.2782
vn -0.1922 -0.2895 -0.9377
vn -0.1011 -0.9769 0.1880
vn -0.0113 0.9015 0.4326
vn -0.2078 -0.1649 0.9642
vn -0.3208 0.7716 -0.5493
vt 0.167969 0.222656
vt 0.167969 0.128906
vt 0.269531 0.222656
vt 0.269531 0.222656
vt 0.167969 0.222656
vt 0.269531 0.128906
vt 0.167969 0.222656
vt 0.269531 0.222656
vt 0.269531 0.191406
vt 0.269531 0.222656
vt 0.410156 0.128906
vt 0.410156 0.222656
vt 0.339844 0.128906
vt 0.375000 0.222656
vt 0.339844 0.222656
vt 0.339844 0.222656
vt 0.375000 0.222656
vt 0.269531 0.191406
vt 0.777344 0.300781
vt 0.636719 0.292969
vt 0.777344 0.285156
vt 0.410156 0.222656
vt 0.269531 0.191406
vt 0.269531 0.222656
vt 0.269531 0.191406
vt 0.167969 0.222656
vt 0.269531 0.222656
vt 0.269531 0.191406
vt 0.269531 0.222656
vt 0.339844 0.222656
vt 0.777344 0.285156
vt 0.777344 0.300781
vt 0.636719 0.292969
vt 0.636719 0.292969
vt 0.777344 0.285156
vt 0.777344 0.300781
vt 0.777344 0.300781
vt 0.636719 0.292969
vt 0.777344 0.285156
vt 0.777344 0.292969
vt 0.636719 0.292969
vt 0.777344 0.285156
vt 0.410156 0.222656
vt 0.375000 0.128906
vt 0.410156 0.128906
vt 0.777344 0.300781
vt 0.636719 0.292969
vt 0.777344 0.292969
vt 0.410156 0.222656
vt 0.375000 0.222656
vt 0.375000 0.128906
vt 0.269531 0.191406
vt 0.375000 0.222656
vt 0.410156 0.222656
vt 0.375000 0.128906
vt 0.375000 0.222656
vt 0.339844 0.128906
vt 0.269531 0.128906
vt 0.167969 0.222656
vt 0.167969 0.128906
vt 0.269531 0.222656
vt 0.167969 0.128906
vt 0.269531 0.128906
vt 0.269531 0.128906
vt 0.410156 0.128906
vt 0.269531 0.222656
vt 0.269531 0.222656
vt 0.269531 0.128906
vt 0.339844 0.128906
vt 0.339844 0.222656
s 1
usemtl Material.002
f 3083/3083/990 3084/3084/990 3085/3085/990
f 3086/3086/991 3087/3087/991 3088/3088/991
f 3089/3089/992 3090/3090/992 3091/3091/992
f 3092/3092/993 3093/3093/993 3094/3094/993
f 3095/3095/994 3096/3096/994 3097/3097/994
f 3098/3098/995 3099/3099/995 3100/3100/995
f 3101/3101/996 3102/3102/996 3103/3103/996
f 3104/3104/997 3105/3105/997 3106/3106/997
f 3107/3107/998 3108/3108/998 3109/3109/998
f 3110/3110/999 3111/3111/999 3112/3112/999
f 3113/3113/1000 3114/3114/1000 3115/3115/1000
f 3116/3116/1001 3117/3117/1001 3118/3118/1001
f 3119/3119/1002 3120/3120/1002 3121/3121/1002
f 3122/3122/1003 3123/3123/1003 3124/3124/1003
f 3125/3125/1004 3126/3126/1004 3127/3127/1004
f 3128/3128/1005 3129/3129/1005 3130/3130/1005
f 3131/3131/1006 3132/3132/1006 3133/3133/1006
f 3134/3134/1007 3135/3135/1007 3136/3136/1007
f 3137/3137/1008 3138/3138/1008 3139/3139/1008
f 3140/3140/1009 3141/3141/1009 3142/3142/1009
f 3143/3143/1010 3144/3144/1010 3145/3145/1010
f 3146/3146/1011 3147/3147/1011 3148/3148/1011
f 3149/3149/1012 3150/3150/1012 3151/3151/1012 3152/3152/1012
